player_id,name,team,position,height,weight,ppg,rpg,apg,spg,bpg,tov,mpg,fg_pct,fg3_pct,ft_pct,ts_pct,games,off_rating,def_rating,net_rating,usg_pct,pie,ast_pct,epm_off,epm_def,epm_tot,p_pts_100,p_ast_100,p_blk_100,p_stl_100,p_drb_100,p_orb_100,p_tov_100,p_fga_rim_100,p_fga_mid_100,p_fg3a_100,scoring_possessions,pnr_bh_freq,iso_freq,post_freq,roll_freq,spot_freq,off_screen_freq,handoff_freq,cut_freq,putback_freq,drives_pg,paint_touches_pg,computed_off_archetype,computed_def_archetype,offensive_archetype,defensive_archetype
1630639,A.J. Lawson,Raptors,Guard,6-6,179.0,4.2,1.8,0.3,0.5,0.2,0.3,9.4,0.436,0.422,0.778,,24.0,,,,,,,-1.50397,,-2.0701,20.5256,2.40636,,1.55401,6.27645,1.95264,1.45953,6.91664,3.79059,9.10697,,,,,,,,,,,0.6,0.7,,,Stationary Shooter,Point of Attack
1631260,AJ Green,Bucks,Guard,6-4,190.0,10.4,2.7,1.9,0.5,0.1,1.0,29.1,0.424,0.419,0.855,,78.0,,,,,,,-1.43873,-1.17084,,19.3337,3.53842,,,4.15728,,1.73009,6.38078,1.4146,13.1757,540.0,0.1222222222222222,,,0.0481481481481481,0.5055555555555555,0.1222222222222222,0.1759259259259259,0.0259259259259259,,1.7,0.4,Off Screen Shooter,Low Activity,Off Screen Shooter,Low Activity
1642358,AJ Johnson,Mavericks,Guard,6-5,160.0,3.3,1.1,1.0,0.2,0.1,0.6,9.4,0.324,0.211,0.85,,48.0,,,,,,,-3.16964,-1.15143,-4.3211,19.1483,5.2263,,1.19668,4.23175,1.20156,2.55845,8.49752,2.71135,6.28172,67.0,0.4029850746268656,0.3134328358208955,,,0.2835820895522388,,,,,2.8,0.5,,Low Activity,Athletic Finisher,Low Activity
203932,Aaron Gordon,Nuggets,Forward,6-8,235.0,16.2,5.8,2.7,0.6,0.3,1.1,27.9,0.497,0.389,0.767,,36.0,,,,,,,1.37502,,1.6664,23.9976,4.66768,,,6.85309,2.77141,1.78791,6.23865,3.92568,7.22726,385.0,0.1168831168831168,0.1792207792207792,0.1584415584415584,0.0675324675324675,0.2233766233766233,,,0.1714285714285714,0.0831168831168831,3.3,4.7,Secondary Ball Handler,Mobile Big,Secondary Ball Handler,Mobile Big
1628988,Aaron Holiday,Rockets,Guard,6-0,185.0,5.5,1.0,1.1,0.5,0.1,0.7,13.7,0.417,0.394,0.854,,57.0,,,,,,,-1.32747,,-1.2082,18.3289,3.66816,,1.63114,3.0994,,2.15925,1.9071,2.82043,10.5228,193.0,0.3160621761658031,0.0673575129533678,,,0.5595854922279793,,0.0569948186528497,,,2.5,0.1,Secondary Ball Handler,Low Activity,Secondary Ball Handler,Low Activity
1630174,Aaron Nesmith,Pacers,Guard-Forward,6-5,215.0,13.8,4.2,1.9,0.6,0.5,1.4,29.7,0.414,0.379,0.829,,45.0,,,,,,,,,,22.3725,2.81454,,1.23834,5.07157,1.57116,2.16763,3.65862,5.07448,9.06615,459.0,0.1241830065359477,0.0305010893246187,,0.0718954248366013,0.3943355119825708,0.2178649237472767,0.0849673202614379,0.0348583877995642,0.0413943355119825,6.4,1.0,Off Screen Shooter,Wing Stopper,Off Screen Shooter,Wing Stopper
1630598,Aaron Wiggins,Thunder,Guard,6-5,190.0,9.4,3.1,1.7,0.9,0.4,1.2,21.8,0.431,0.356,0.736,,65.0,,,,,,,-1.25039,,-1.2885,20.3104,3.58179,,1.82498,5.16791,1.62108,2.43015,5.51365,4.13316,7.60041,496.0,0.1713709677419354,0.0887096774193548,,0.0241935483870967,0.4899193548387097,0.0423387096774193,0.0685483870967741,0.064516129032258,0.0504032258064516,5.6,1.1,Secondary Ball Handler,Low Activity,Secondary Ball Handler,Low Activity
1642846,Ace Bailey,Jazz,Forward,6-9,200.0,13.8,4.2,1.8,0.8,0.7,1.5,27.6,0.443,0.344,0.75,,72.0,,,,,,,-1.24356,-1.31775,-2.1345,26.2382,3.32136,1.27649,1.4877,5.37557,2.06147,2.65383,4.67833,8.16155,10.5993,832.0,0.0985576923076923,0.0877403846153846,0.0228365384615384,0.0204326923076923,0.2620192307692308,0.1983173076923076,0.1454326923076923,0.0913461538461538,0.0733173076923077,4.5,2.0,Off Screen Shooter,Low Activity,Off Screen Shooter,Low Activity
1642380,Adama Bal,,Guard,6-7,190.0,10.4,3.1,2.4,1.1,0.1,0.8,30.1,0.412,0.409,0.9,,8.0,,,,,,,-2.13385,-1.03398,-2.7409,15.1883,3.61433,,1.49612,4.57541,1.55541,1.64835,3.02948,1.99838,8.45043,,,,,,,,,,,2.6,1.9,,Chaser,Stationary Shooter,Chaser
1641737,Adem Bona,76ers,Forward,6-10,235.0,4.8,4.3,0.5,0.4,1.2,0.8,17.4,0.595,0.333,0.708,,71.0,,,,,,,-1.95418,-1.00149,-2.208,14.6357,1.22366,3.06721,1.26518,6.99908,4.88464,2.63976,7.52671,1.44521,5.83805,218.0,,,,0.1697247706422018,0.0871559633027523,,,0.3256880733944954,0.4174311926605504,0.5,3.3,Athletic Finisher,Mobile Big,Athletic Finisher,Mobile Big
1642876,Adou Thiero,,,,,,,,,,,,,,,,,,,,,,,-3.32482,-1.07664,-4.4015,14.7864,2.83409,,1.46518,6.69753,3.54721,2.79338,6.66493,1.62773,1.53657,,,,,,,,,,,0.7,0.7,,,Athletic Finisher,Low Activity
1642349,Ajay Mitchell,Thunder,Guard,6-4,190.0,13.6,3.3,3.6,1.2,0.3,1.4,25.8,0.485,0.347,0.87,,57.0,,,,,,,1.44669,1.92871,3.3754,27.9521,6.96267,,2.1013,4.45088,1.65311,2.29501,6.72323,8.16998,6.51214,552.0,0.4673913043478261,0.1123188405797101,,,0.2717391304347826,,0.072463768115942,0.0525362318840579,0.0235507246376811,11.3,0.9,Primary Ball Handler,Low Activity,Primary Ball Handler,Low Activity
201143,Al Horford,Warriors,Center-Forward,6-8,240.0,8.3,4.9,2.6,0.7,1.1,0.9,21.5,0.426,0.361,0.846,,45.0,,,,,,,,,,19.5197,5.42723,2.09655,1.27484,8.3504,2.2618,1.7697,3.34518,2.97367,10.3762,286.0,,,0.1643356643356643,0.1538461538461538,0.444055944055944,0.0734265734265734,,0.1118881118881118,0.0524475524475524,1.0,2.6,Versatile Big,Mobile Big,Versatile Big,Mobile Big
1630828,Alex Antetokounmpo,,,,,,,,,,,,,,,,,,,,,,,-1.00304,-1.01566,-2.0187,20.5829,3.09382,1.54115,1.27024,6.71027,3.51679,2.23843,4.88495,3.26454,8.0989,,,,,,,,,,,0.2,0.5,,,Stationary Shooter,Chaser
1627936,Alex Caruso,Thunder,Guard,6-5,186.0,6.2,2.8,2.0,1.3,0.3,0.9,18.2,0.423,0.293,0.804,,56.0,,,,,,,1.22958,3.49111,2.4989,16.9492,4.34158,,3.21558,5.9612,1.35479,1.88068,4.14099,1.19132,8.92635,234.0,0.1196581196581196,0.047008547008547,,0.1025641025641025,0.5982905982905983,,0.047008547008547,0.0854700854700854,,1.8,1.0,Movement Shooter,Wing Stopper,Secondary Ball Handler,Wing Stopper
1631457,Alex Morales,,,,,,,,,,,,,,,,,,,,,,,-3.03907,-1.51657,-3.2402,16.185,4.2787,,1.2755,5.58746,2.71972,2.92424,5.80232,3.33408,4.52084,,,,,,,,,,,1.8,0.5,,,Athletic Finisher,Low Activity
1642259,Alex Sarr,Wizards,Center,7-0,205.0,16.3,7.4,2.7,0.8,2.0,1.7,27.2,0.482,0.333,0.692,,48.0,,,,,,,-1.26097,,,27.769,4.82529,2.94606,1.38494,8.86377,3.51351,3.01207,8.94571,8.65266,6.78304,620.0,0.0290322580645161,0.0677419354838709,0.0983870967741935,0.2741935483870967,0.2467741935483871,,,0.1629032258064516,0.1209677419354838,5.1,5.5,Stretch Big,Mobile Big,Stretch Big,Mobile Big
1642918,Alijah Martin,Raptors,Guard,6-2,210.0,2.2,0.9,0.5,0.3,0.2,0.3,6.3,0.32,0.19,0.789,,23.0,,,,,,,-2.03983,,-2.5641,19.6897,4.31492,,1.82843,4.12941,2.43629,2.65648,5.94408,3.28482,6.77814,,,,,,,,,,,1.5,0.8,,Low Activity,Athletic Finisher,Low Activity
1631214,Alondes Williams,,Guard,6-4,210.0,11.0,6.3,3.0,0.8,0.8,1.3,25.3,0.615,0.357,0.875,,4.0,,,,,,,-2.41728,-1.19133,-3.6086,15.8247,5.39582,1.16307,1.40414,6.18788,1.95159,2.88521,4.50875,1.98926,6.0953,,,,,,,,,,,2.0,2.3,,Chaser,Stationary Shooter,Chaser
1630578,Alperen Sengun,Rockets,Center,6-11,243.0,20.4,8.9,6.2,1.2,1.1,3.2,33.3,0.519,0.305,0.691,,72.0,,,,,,,1.00979,,,28.7005,8.20439,1.54031,1.80785,8.62768,4.48388,4.37629,10.1049,9.29537,2.62825,1185.0,0.0624472573839662,0.1848101265822785,0.2835443037974683,0.1333333333333333,0.1274261603375527,,,0.1156118143459915,0.0928270042194092,8.5,6.5,Versatile Big,Mobile Big,Post Scorer,Mobile Big
1642873,Amari Williams,Celtics,Forward-Center,6-11,250.0,1.4,1.8,0.5,0.1,0.5,0.5,6.6,0.5,0.0,0.714,,22.0,,,,,,,-3.84215,-2.33735,-3.6685,11.2979,2.51249,2.61266,1.03565,8.92638,3.78894,2.53747,5.56564,1.63776,3.66617,,,,,,,,,,,0.1,1.1,,Mobile Big,Roll & Cut Big,Mobile Big
1641708,Amen Thompson,Rockets,Guard-Forward,6-7,200.0,18.3,7.8,5.3,1.5,0.6,2.4,37.4,0.534,0.216,0.779,,79.0,,,,,,,1.417,1.63366,3.0507,25.0316,6.75831,,2.12991,5.92797,3.89998,3.11175,8.65281,7.04445,1.97282,979.0,0.2880490296220633,0.1317671092951992,,0.0265577119509703,0.1593462717058222,,0.0377936670071501,0.2686414708886619,0.0878447395301327,11.2,6.9,Primary Ball Handler,Wing Stopper,Athletic Finisher,Wing Stopper
1629599,Amir Coffey,Suns,Guard-Forward,6-7,210.0,3.2,1.2,0.6,0.2,0.1,0.2,10.7,0.487,0.347,0.786,,46.0,,,,,,,-2.45855,,-3.157,16.0121,2.43211,,1.17648,3.78493,1.45552,1.13375,3.01693,4.14382,5.48269,40.0,,,,,0.75,,0.25,,,1.3,0.3,,Low Activity,Stationary Shooter,Low Activity
1643158,Andersson Garcia,,Forward,6-7,220.0,5.2,8.4,2.8,1.6,0.8,1.4,33.8,0.31,0.077,0.778,,5.0,,,,,,,-2.61061,,-2.7742,11.7469,3.30104,1.36226,1.42737,6.47956,4.04415,2.313,4.46069,1.95907,4.45876,,,,,,,,,,,2.6,5.2,,,Stationary Shooter,Wing Stopper
203083,Andre Drummond,76ers,Center,6-11,279.0,6.4,8.4,1.3,0.6,0.8,1.0,19.5,0.472,0.356,0.631,,63.0,,,,,,,-1.7029,-2.14918,-1.4741,13.8269,3.32456,1.61503,2.10508,12.9411,7.25963,2.67508,7.06357,1.26532,3.85857,336.0,,,0.0297619047619047,0.0952380952380952,0.2291666666666666,,,0.2202380952380952,0.4255952380952381,0.3,4.9,Stretch Big,Mobile Big,Stretch Big,Mobile Big
1641748,Andre Jackson Jr.,Bucks,Guard,6-6,209.0,,,,,,,,,,,,,,,,,,,-2.86028,,-3.4612,14.7423,4.61013,,1.77496,5.63408,3.21718,3.06217,4.07377,2.88714,6.44882,,,,,,,,,,,1.4,1.0,,,Secondary Ball Handler,Point of Attack
1629614,Andrew Nembhard,Pacers,Guard-Forward,6-4,191.0,16.9,2.8,7.7,0.9,0.1,2.4,31.3,0.442,0.361,0.825,,57.0,,,,,,,1.29415,,,24.3111,12.536,,1.59998,3.74599,,3.44536,3.85129,6.82287,7.90012,754.0,0.4907161803713528,0.1021220159151193,0.0159151193633952,,0.259946949602122,0.0251989389920424,0.0901856763925729,0.0159151193633952,,12.5,0.6,Primary Ball Handler,Wing Stopper,Primary Ball Handler,Wing Stopper
203952,Andrew Wiggins,Heat,Forward,6-6,197.0,15.4,4.8,2.7,1.1,1.0,1.5,30.3,0.475,0.414,0.784,,68.0,,,,,,,-2.62455,1.87017,,20.9211,4.00262,1.52613,1.58583,4.79862,2.50661,2.33878,4.77007,4.26461,8.18327,697.0,0.0817790530846484,0.1262553802008608,0.0774748923959827,,0.503586800573888,0.0401721664275466,0.0229555236728837,0.0459110473457675,0.1018651362984218,6.8,2.3,Secondary Ball Handler,Wing Stopper,Secondary Ball Handler,Wing Stopper
1629014,Anfernee Simons,Bulls,Guard,6-3,200.0,14.3,2.5,2.4,0.5,0.1,1.2,24.9,0.44,0.385,0.896,,55.0,,,,,,,-1.40963,-1.47347,,27.6649,4.76136,,1.1297,3.78394,1.14711,2.60616,2.84437,6.6525,13.8813,255.0,0.1215686274509803,0.0549019607843137,,,0.4862745098039215,0.1137254901960784,0.1843137254901961,,0.0392156862745098,4.9,0.4,Off Screen Shooter,Low Activity,Off Screen Shooter,Low Activity
1641710,Anthony Black,Magic,Guard,6-7,200.0,15.0,3.8,3.7,1.4,0.7,2.1,29.8,0.447,0.333,0.732,,64.0,,,,,,,-1.76257,,-1.1614,21.7089,4.7216,1.17153,2.22636,4.93521,1.28055,2.84873,6.01951,4.43282,7.2617,610.0,0.3081967213114754,0.0622950819672131,,0.0245901639344262,0.3983606557377049,0.0311475409836065,0.060655737704918,0.0770491803278688,0.0377049180327868,6.5,1.6,Secondary Ball Handler,Wing Stopper,Secondary Ball Handler,Wing Stopper
203076,Anthony Davis,Wizards,Forward-Center,6-10,253.0,20.4,11.1,2.8,1.1,1.7,2.1,31.3,0.506,0.27,0.728,,20.0,,,,,,,2.08845,,1.5466,31.6567,4.37675,2.76971,1.68627,12.4788,4.30142,3.12257,10.4872,11.2907,3.15732,328.0,0.0701219512195122,0.1402439024390244,0.1524390243902439,0.2347560975609756,0.1189024390243902,,,0.1067073170731707,0.1768292682926829,4.5,7.8,Roll & Cut Big,Anchor Big,Post Scorer,Anchor Big
1630162,Anthony Edwards,Timberwolves,Guard,6-4,225.0,28.8,5.0,3.7,1.4,0.8,2.9,35.0,0.489,0.399,0.796,,61.0,,,,,,,2.07426,,1.5116,34.0473,4.47242,1.02182,1.61302,6.46971,,3.88329,5.84584,9.84789,9.453,1214.0,0.2907742998352554,0.2940691927512356,0.07166392092257,,0.158154859967051,0.0551894563426688,0.0947281713344316,0.0197693574958813,0.015650741350906,11.1,0.9,Shot Creator,Low Activity,Shot Creator,Low Activity
1630264,Anthony Gill,Wizards,Forward,6-7,230.0,5.8,2.9,1.3,0.6,0.4,0.7,17.3,0.628,0.354,0.739,,55.0,,,,,,,-2.33889,-2.03169,-4.3706,15.0439,3.43882,,1.24826,4.86677,2.77413,1.6834,5.37487,3.15201,2.41519,189.0,,,,0.2486772486772486,0.3809523809523809,,,0.2222222222222222,0.1481481481481481,1.2,2.4,Athletic Finisher,Mobile Big,Athletic Finisher,Mobile Big
1641810,Antonio Reeves,Hornets,Guard,6-5,205.0,,,,,,,,,,,,,,,,,,,-1.56815,-1.44146,-2.5223,19.8589,2.52839,,1.48668,3.74667,1.45973,1.88805,4.17691,3.82091,9.04461,,,,,,,,,,,1.1,0.2,,,Secondary Ball Handler,Low Activity
1630574,Ariel Hukporti,Knicks,Center,7-0,246.0,2.2,2.9,0.5,0.2,0.5,0.6,9.2,0.563,0.25,0.788,,54.0,,,,,,,-3.51051,,-3.581,12.6411,2.1704,2.60854,,9.72324,5.12267,3.20959,5.59459,2.12253,5.92745,,,,,,,,,,,0.2,2.4,,Mobile Big,Roll & Cut Big,Mobile Big
1642854,Asa Newell,Hawks,Forward,6-10,220.0,5.2,2.2,0.6,0.4,0.3,0.5,11.4,0.538,0.387,0.552,,44.0,,,,,,,-1.28222,,-1.8829,19.1078,2.46463,1.43727,1.45029,5.16124,4.01637,2.02949,7.73288,1.20424,6.46801,133.0,,,,0.0902255639097744,0.4962406015037593,,,0.2180451127819548,0.1954887218045112,1.2,1.6,Athletic Finisher,Mobile Big,Athletic Finisher,Mobile Big
1641709,Ausar Thompson,Pistons,Guard-Forward,6-7,205.0,9.9,5.7,3.1,2.0,0.9,1.5,26.0,0.525,0.25,0.571,,73.0,,,,,,,1.29891,3.67616,3.2029,15.9504,6.02846,2.11721,3.37071,7.03678,4.30218,2.85028,8.18911,3.10796,1.10953,518.0,0.138996138996139,0.1061776061776061,0.0193050193050193,0.0598455598455598,0.1891891891891892,0.0193050193050193,0.0347490347490347,0.2972972972972973,0.1351351351351351,5.2,4.6,,Wing Stopper,Athletic Finisher,Wing Stopper
1630559,Austin Reaves,Lakers,Guard,6-5,197.0,23.3,4.7,5.5,1.1,0.4,3.0,34.5,0.49,0.36,0.871,,51.0,,,,,,,2.48985,,2.3919,30.3445,7.296,,1.37021,5.20734,,4.05328,5.67197,6.17485,8.12831,754.0,0.4562334217506631,0.1724137931034483,,0.0172413793103448,0.2015915119363395,0.0835543766578249,0.0503978779840848,0.0185676392572944,,11.7,0.8,Primary Ball Handler,Low Activity,Primary Ball Handler,Low Activity
1630245,Ayo Dosunmu,Timberwolves,Guard,6-4,201.0,14.8,3.4,3.6,0.8,0.3,1.4,27.3,0.517,0.439,0.876,,69.0,,,,,,,,-1.41646,-1.1786,24.035,5.72216,,1.53091,5.39566,1.16734,2.4071,7.36537,4.61489,6.54781,269.0,0.1933085501858736,0.0446096654275092,,,0.6096654275092936,,0.0483271375464684,0.0594795539033457,0.0446096654275092,7.5,0.9,Slasher,Low Activity,Slasher,Point of Attack
1628389,Bam Adebayo,Heat,Center-Forward,6-9,255.0,20.1,10.0,3.2,1.2,0.7,1.6,32.4,0.442,0.318,0.778,,73.0,,,,,,,2.14399,1.81907,3.9631,29.4568,5.43498,,1.72826,11.4362,2.9192,2.28451,6.52723,6.99784,8.48342,1028.0,,0.1001945525291828,0.1575875486381323,0.107976653696498,0.4377431906614786,0.0379377431906614,,0.0749027237354085,0.0836575875486381,7.1,4.1,Versatile Big,Mobile Big,Versatile Big,Mobile Big
1631248,Baylor Scheierman,Celtics,Guard,6-6,205.0,5.5,3.5,1.5,0.5,0.1,0.6,18.6,0.453,0.399,0.903,,77.0,,,,,,,,,,16.5621,3.91548,,1.65209,7.09664,2.21667,1.54056,1.33398,2.62767,10.1168,277.0,0.111913357400722,,,0.075812274368231,0.6534296028880866,0.0469314079422382,0.0649819494584837,,0.0469314079422382,2.1,0.5,Movement Shooter,Wing Stopper,Movement Shooter,Wing Stopper
1642879,Ben Saraf,Nets,Guard,6-6,200.0,7.5,2.1,3.3,0.9,0.2,2.3,20.8,0.396,0.211,0.83,,44.0,,,,,,,-3.51534,-1.37797,-4.8933,21.058,7.59502,,1.89804,4.1771,1.0118,4.84766,8.72094,3.68489,4.82259,348.0,0.4195402298850574,0.146551724137931,,,0.2988505747126437,,0.0660919540229885,0.0373563218390804,0.0316091954022988,9.7,0.7,Primary Ball Handler,Low Activity,Primary Ball Handler,Low Activity
1641767,Ben Sheppard,Pacers,Guard,6-6,190.0,7.1,3.0,1.8,0.6,0.1,0.6,21.4,0.434,0.362,0.765,,65.0,,,,,,,-1.71032,-1.03398,-2.7443,16.4649,3.87763,,1.4509,4.92341,1.47629,1.46592,4.47492,1.30092,7.6956,281.0,0.1530249110320284,,,,0.5409252669039146,0.0818505338078291,0.0782918149466192,0.096085409252669,0.0498220640569395,2.1,0.8,Off Screen Shooter,Low Activity,Off Screen Shooter,Low Activity
1631097,Bennedict Mathurin,Clippers,Guard-Forward,6-5,210.0,17.6,5.4,2.4,0.8,0.2,2.2,30.0,0.43,0.315,0.869,,54.0,,,,,,,,,,28.9041,4.23793,,1.28506,6.97608,1.93364,3.26961,7.2532,6.27173,5.46361,297.0,0.404040404040404,0.1414141414141414,,,0.2255892255892256,0.037037037037037,0.074074074074074,0.1178451178451178,,7.3,2.4,Slasher,Low Activity,Slasher,Low Activity
1643016,Bez Mbeng,Jazz,Guard,6-4,185.0,8.1,3.8,4.1,2.3,0.3,1.5,32.8,0.5,0.194,0.64,,15.0,,,,,,,-2.72803,-1.01933,-3.6904,12.9499,5.44962,,2.33769,3.86012,1.81747,1.87946,5.46539,1.99136,2.9369,,,,,,,,,,,4.1,1.7,,Helper,Slasher,Point of Attack
1641731,Bilal Coulibaly,Wizards,Guard,6-7,195.0,11.7,4.3,2.6,1.3,1.0,1.4,26.2,0.425,0.319,0.746,,56.0,,,,,,,-1.27793,,-1.6571,25.1618,4.73583,1.48009,2.10734,5.89581,1.64995,2.6751,7.26559,6.97018,6.89381,468.0,0.2670940170940171,0.1217948717948717,,,0.3247863247863248,0.032051282051282,0.0897435897435897,0.1025641025641025,0.0619658119658119,5.7,2.0,Secondary Ball Handler,Wing Stopper,Secondary Ball Handler,Wing Stopper
202687,Bismack Biyombo,Spurs,Center,6-8,255.0,,,,,,,,,,,,,,,,,,,-4.55829,-1.96834,-6.5266,10.8113,2.10668,2.35195,1.01197,9.36435,3.8649,2.42324,5.17899,3.45238,,,,,,,,,,,,0.0,0.9,,,Roll & Cut Big,Mobile Big
1642396,Blake Hinson,Jazz,Forward,6-8,230.0,11.9,2.4,1.1,0.4,0.1,0.4,20.4,0.513,0.468,0.75,,14.0,,,,,,,-2.84246,-1.61499,-1.7399,21.8822,2.66721,,1.07882,4.44074,1.75124,1.41041,4.11869,2.02969,12.574,12.0,,,,,,1.0,,,,1.4,0.9,,Low Activity,Off Screen Shooter,Low Activity
1631104,Blake Wesley,Trail Blazers,Guard,6-4,190.0,4.8,1.3,2.0,0.5,0.2,1.0,11.6,0.452,0.278,0.553,,31.0,,,,,,,-3.38848,-1.06119,-4.1733,17.7772,7.52068,,2.0425,3.84367,1.12123,3.56589,7.04686,3.21465,4.37402,103.0,0.2912621359223301,0.1941747572815534,,,0.5145631067961165,,,,,5.0,0.5,,Low Activity,Athletic Finisher,Low Activity
1626171,Bobby Portis,Bucks,Forward,6-9,250.0,13.7,6.4,1.6,0.6,0.2,1.0,24.2,0.488,0.456,0.706,,67.0,,,,,,,,-1.27153,-1.0496,28.0838,3.36537,,1.32022,10.2425,2.82368,2.01371,3.70557,11.1391,9.85211,677.0,,0.0635155096011816,0.2230428360413589,0.1757754800590842,0.3870014771048744,,,0.0753323485967503,0.0753323485967503,1.5,2.7,Athletic Finisher,Mobile Big,Athletic Finisher,Mobile Big
1641752,Bobi Klintman,,,,,,,,,,,,,,,,,,,,,,,-1.80832,,-1.9548,18.2003,4.07624,,1.3891,7.69501,3.15667,2.38838,4.20448,4.1775,7.50719,,,,,,,,,,,0.8,0.8,,,Stationary Shooter,Chaser
203992,Bogdan Bogdanović,Clippers,Guard,6-5,225.0,7.4,2.6,2.2,0.4,0.1,1.2,19.7,0.388,0.347,0.8,,23.0,,,,,,,,,,,,,,,,,,,,127.0,0.4724409448818897,0.0866141732283464,,,0.3307086614173228,0.1102362204724409,,,,3.9,0.3,Secondary Ball Handler,Low Activity,Secondary Ball Handler,Low Activity
1630538,Bones Hyland,Timberwolves,Guard,6-2,169.0,8.5,1.8,2.6,0.6,0.2,1.0,16.6,0.453,0.388,0.78,,71.0,,,,,,,,,,23.2481,6.83246,,1.9266,4.35845,,3.11576,4.30438,2.30963,12.7452,394.0,0.3299492385786802,0.1573604060913705,,,0.3096446700507614,0.065989847715736,0.1370558375634517,,,2.9,0.3,Primary Ball Handler,Low Activity,Primary Ball Handler,Low Activity
203078,Bradley Beal,Clippers,Guard,6-4,207.0,8.2,0.8,1.7,0.5,0.0,1.5,20.2,0.375,0.368,0.75,,6.0,,,,,,,,,-1.0588,23.5742,5.37569,,1.55237,3.59882,1.12974,2.90243,3.87133,7.54145,8.03376,28.0,0.4642857142857143,,,,0.5357142857142857,,,,,3.2,1.2,,Low Activity,Secondary Ball Handler,Low Activity
1642382,Branden Carlson,Thunder,Center,7-0,220.0,5.8,3.0,0.7,0.2,0.6,0.4,11.6,0.527,0.36,0.577,,42.0,,,,,,,,-1.72386,-1.9077,22.6111,2.5069,2.8921,,8.76905,3.02859,1.34185,7.49083,1.68534,8.98242,158.0,,,,0.4746835443037974,0.2594936708860759,,,0.1645569620253164,0.1012658227848101,0.4,2.6,Stretch Big,Mobile Big,Stretch Big,Mobile Big
1641764,Brandin Podziemski,Warriors,Guard,6-4,205.0,13.8,5.1,3.7,1.1,0.2,1.6,28.5,0.455,0.371,0.797,,82.0,,,,,,,,,,25.2307,5.54938,,1.80435,6.93122,1.57685,2.79592,4.28318,5.50014,9.30149,828.0,0.3272946859903382,0.0712560386473429,,0.0253623188405797,0.3417874396135266,0.0845410628019323,0.072463768115942,0.0507246376811594,0.0265700483091787,7.9,1.7,Primary Ball Handler,Low Activity,Primary Ball Handler,Low Activity
1629634,Brandon Clarke,Grizzlies,Forward,6-8,215.0,,,,,,,,,,,,,,,,,,,-1.28462,1.3027,,21.6068,2.66056,1.47064,1.84126,7.64937,4.9946,1.64828,8.19333,6.80915,7.22012,,,,,,,,,,,2.5,2.5,,,Athletic Finisher,Wing Stopper
1627742,Brandon Ingram,Raptors,Forward,6-8,190.0,21.5,5.6,3.7,0.8,0.7,2.4,33.8,0.477,0.382,0.82,,77.0,,,,,,,1.834,-2.70204,,27.7679,4.68651,1.01187,1.14109,6.24739,1.16956,3.46827,4.24331,11.9421,5.26862,1240.0,0.2153225806451613,0.1774193548387097,0.0983870967741935,,0.225,0.1419354838709677,0.0733870967741935,0.039516129032258,0.0290322580645161,10.3,1.6,Slasher,Helper,Shot Creator,Helper
1641706,Brandon Miller,Hornets,Forward,6-7,200.0,20.2,4.9,3.3,1.0,0.7,2.5,30.3,0.435,0.383,0.892,,65.0,,,,,,,2.09481,,2.6118,30.2989,5.079,,1.60449,6.10804,1.73505,3.64939,4.09845,7.14905,13.259,1013.0,0.3099703849950642,0.0967423494570582,0.0236920039486673,0.0967423494570582,0.2458045409674235,0.0700888450148075,0.1224086870681145,0.0187561697926949,0.0157946692991115,8.4,1.9,Primary Ball Handler,Wing Stopper,Primary Ball Handler,Wing Stopper
1630314,Brandon Williams,Mavericks,Guard,6-1,190.0,13.0,2.9,3.9,0.9,0.3,1.9,22.2,0.472,0.232,0.793,,66.0,,,,,,,,,,27.1893,8.1811,,1.86665,5.06473,,3.74255,8.37278,5.36115,4.40559,605.0,0.4925619834710744,0.1355371900826446,,,0.2611570247933884,0.0231404958677685,0.0545454545454545,0.0330578512396694,,10.8,0.6,Primary Ball Handler,Low Activity,Primary Ball Handler,Low Activity
1641729,Brice Sensabaugh,Jazz,Forward,6-6,235.0,14.9,3.1,1.9,0.7,0.2,1.7,23.5,0.46,0.367,0.826,,75.0,,,,,,,,-2.14918,-1.4889,31.7413,4.49777,,1.44928,4.66134,1.32822,3.47781,5.2529,7.74249,11.2783,759.0,0.2042160737812911,0.0685111989459815,,0.0553359683794466,0.3425559947299078,0.1317523056653491,0.1040843214756258,0.0540184453227931,0.0395256916996047,5.6,0.8,Secondary Ball Handler,Low Activity,Secondary Ball Handler,Low Activity
1642355,Bronny James,Lakers,Guard,6-2,210.0,2.9,0.5,1.2,0.5,0.1,0.6,8.9,0.409,0.386,0.857,,42.0,,,,,,,-2.87914,-1.73473,-4.6139,16.7379,6.33971,,2.10505,2.74345,1.05538,3.20134,3.0675,4.4553,7.72803,,,,,,,,,,,1.3,0.3,,,Stationary Shooter,Point of Attack
201572,Brook Lopez,Clippers,Center,7-1,282.0,8.5,3.6,1.3,0.6,1.2,0.8,21.8,0.428,0.36,0.757,,75.0,,,,,,,,1.14739,,20.2291,3.08637,2.50512,1.14395,6.87979,1.77379,1.74106,4.06294,3.98596,8.56917,538.0,,0.037174721189591,0.1635687732342007,0.2992565055762082,0.3754646840148699,,,0.0613382899628252,0.0631970260223048,1.3,1.8,Versatile Big,Mobile Big,Stretch Big,Anchor Big
1642964,Brooks Barnhizer,,,,,,,,,,,,,,,,,,,,,,,-3.64015,-1.15672,-4.7969,11.6987,2.81565,,1.42088,7.43149,2.71104,1.51902,3.57825,3.08209,3.84921,,,,,,,,,,,1.0,0.7,,,Stationary Shooter,Low Activity
1628971,Bruce Brown,Nuggets,Guard-Forward,6-4,202.0,7.9,3.9,2.1,1.0,0.2,1.1,24.4,0.475,0.385,0.762,,82.0,,,,,,,-2.67402,-1.44716,-3.2799,17.5901,4.19098,,1.94706,5.81995,1.82627,2.27549,6.02806,3.39828,4.67726,445.0,0.2,0.0539325842696629,,0.0314606741573033,0.3707865168539326,,0.047191011235955,0.1887640449438202,0.1078651685393258,3.0,2.3,Secondary Ball Handler,Low Activity,Secondary Ball Handler,Low Activity
1631121,Bryce McGowens,Pelicans,Guard,6-6,190.0,8.1,2.1,1.5,0.6,0.2,0.4,21.0,0.481,0.409,0.779,,42.0,,,,,,,-1.50581,-1.25027,-2.7561,17.1018,3.26024,,1.32887,4.28072,,1.38099,5.11145,2.51932,5.34187,192.0,0.15625,0.0625,,,0.6458333333333334,,0.0677083333333333,0.0677083333333333,,3.4,0.5,Secondary Ball Handler,Wing Stopper,Secondary Ball Handler,Wing Stopper
1642267,Bub Carrington,Wizards,Guard,6-4,190.0,10.7,3.4,4.6,0.6,0.2,2.3,27.7,0.424,0.408,0.73,,82.0,,,,,,,-1.10834,-1.40934,-2.5177,19.8627,7.96504,,1.12832,4.61062,,3.93383,1.88377,6.76469,8.96457,656.0,0.4542682926829268,0.1219512195121951,,,0.2515243902439024,0.0335365853658536,0.1234756097560975,0.0152439024390243,,4.3,0.5,Primary Ball Handler,Low Activity,Primary Ball Handler,Low Activity
1631205,Buddy Boeheim,,,,,,,,,,,,,,,,,,,,,,,,,-1.1421,18.6777,2.05106,,1.14722,4.14418,1.83907,1.16923,5.8456,1.26477,14.2967,,,,,,,,,,,0.0,0.0,,,Stationary Shooter,Chaser
1627741,Buddy Hield,Hawks,Guard,6-4,220.0,7.6,2.3,1.4,0.8,0.2,0.9,16.1,0.437,0.349,0.811,,51.0,,,,,,,,-1.04125,-1.5587,22.9205,3.67581,,1.91662,5.16057,1.72689,2.447,4.29683,2.78579,12.2879,240.0,0.0791666666666666,0.05,,,0.4791666666666667,0.1916666666666666,0.0708333333333333,0.0833333333333333,0.0458333333333333,1.9,0.9,Off Screen Shooter,Wing Stopper,Movement Shooter,Wing Stopper
1643047,CJ Huntley,,,,,,,,,,,,,,,,,,,,,,,-2.84728,-1.33431,-3.5455,15.757,1.53451,1.4534,1.09725,7.17479,3.90371,1.85063,7.03522,1.86891,4.0765,,,,,,,,,,,0.3,1.5,,,Athletic Finisher,Low Activity
203468,CJ McCollum,Hawks,Guard,6-3,190.0,18.7,3.3,3.9,0.8,0.5,1.8,29.8,0.455,0.375,0.772,,76.0,,,,,,,1.00663,,,29.3986,5.88499,,1.39448,3.61389,1.40096,3.14318,5.2716,9.68119,9.40252,444.0,0.3851351351351351,0.1036036036036036,,0.0382882882882882,0.2139639639639639,0.0788288288288288,0.1418918918918918,0.0382882882882882,,10.3,0.7,Primary Ball Handler,Low Activity,Primary Ball Handler,Low Activity
1630595,Cade Cunningham,Pistons,Guard,6-6,220.0,23.9,5.5,9.9,1.4,0.8,3.7,33.9,0.461,0.342,0.812,,64.0,,,,,,,2.75434,,3.7276,33.0282,11.2458,,1.73137,5.95101,1.22796,5.93353,6.33692,10.5452,8.72762,1134.0,0.4867724867724867,0.1622574955908289,0.0529100529100529,,0.1075837742504409,0.0493827160493827,0.0996472663139329,0.0246913580246913,0.0167548500881834,15.5,1.6,Primary Ball Handler,Low Activity,Primary Ball Handler,Low Activity
1631216,Caleb Houstan,,Guard,6-8,205.0,,,,,,,,,,,,,,,,,,,-1.65017,,-2.1772,15.4451,2.0861,,1.2068,3.82967,1.77227,1.05442,1.43051,1.12629,10.7461,,,,,,,,,,,0.2,0.3,,,Stationary Shooter,Chaser
1631126,Caleb Love,Trail Blazers,Guard,6-3,212.0,10.4,2.3,2.5,0.6,0.1,1.3,20.7,0.388,0.318,0.735,,49.0,,,,,,,-1.76564,-1.11552,-2.0224,25.0284,5.9183,,1.34425,3.94341,1.14027,2.89001,4.81039,5.15331,13.4409,416.0,0.3004807692307692,0.1129807692307692,,0.0336538461538461,0.4519230769230769,0.03125,0.0697115384615384,,,5.7,0.3,Primary Ball Handler,Low Activity,Primary Ball Handler,Low Activity
1628997,Caleb Martin,Mavericks,Forward,6-5,205.0,3.9,2.5,1.4,0.7,0.3,0.7,14.8,0.45,0.351,0.607,,58.0,,,,,,,-3.69639,-1.1999,-3.1008,13.6793,3.98754,,1.80338,5.92808,1.67073,2.12191,3.92383,3.89158,3.74866,150.0,0.1866666666666666,0.12,,,0.6133333333333333,,,0.08,,2.7,0.5,Secondary Ball Handler,Wing Stopper,Secondary Ball Handler,Wing Stopper
1642353,Cam Christie,Clippers,Guard,6-5,190.0,2.8,1.4,0.6,0.3,0.1,0.4,8.7,0.381,0.245,0.76,,55.0,,,,,,,-2.74685,-1.00782,-2.5498,18.2291,3.26389,,1.78954,6.14411,2.03603,2.20386,5.61763,3.97127,4.85562,,,,,,,,,,,1.5,0.6,,Low Activity,Athletic Finisher,Low Activity
1642285,Cam Spencer,Grizzlies,Guard,6-3,205.0,11.1,2.5,5.6,0.7,0.2,1.3,23.8,0.473,0.449,0.94,,72.0,,,,,,,1.20323,-1.22414,,19.7575,11.4906,,1.4983,3.66619,1.27984,2.41171,1.42339,5.68289,7.88041,536.0,0.4664179104477612,0.0466417910447761,,0.0186567164179104,0.2630597014925373,0.1212686567164179,0.0578358208955223,0.0261194029850746,,5.3,0.7,Primary Ball Handler,Chaser,Primary Ball Handler,Chaser
1630560,Cam Thomas,,Guard,6-3,210.0,13.5,1.7,2.6,0.2,0.1,1.8,21.0,0.41,0.31,0.811,,42.0,,,,,,,1.14304,-2.48658,-1.3435,32.9191,6.26011,,,4.03515,,3.79529,5.11719,10.753,9.05451,173.0,0.4797687861271676,0.0924855491329479,0.0635838150289017,,0.2947976878612717,,0.0693641618497109,,,8.5,0.4,Primary Ball Handler,Low Activity,Primary Ball Handler,Low Activity
1641715,Cam Whitmore,Wizards,Forward,6-6,230.0,9.2,2.8,0.7,0.7,0.4,0.9,16.9,0.456,0.286,0.742,,21.0,,,,,,,-1.11018,,-2.0334,26.4609,2.5322,,1.82446,6.11918,2.29588,2.48743,8.97615,4.78482,8.14478,93.0,0.2688172043010752,0.1182795698924731,,,0.3655913978494624,,,0.1290322580645161,0.1182795698924731,2.2,2.3,,Anchor Big,Secondary Ball Handler,Anchor Big
1629661,Cameron Johnson,Nuggets,Forward,6-8,210.0,12.2,3.8,2.4,0.7,0.4,0.9,30.5,0.48,0.43,0.839,,54.0,,,,,,,1.32395,,,19.5267,3.93555,,1.41372,4.57234,1.33149,1.55017,3.88713,2.79069,8.02746,371.0,0.1293800539083558,,,0.0377358490566037,0.4555256064690027,0.0700808625336927,0.1940700808625337,0.0700808625336927,0.0431266846361186,3.6,1.1,Off Screen Shooter,Low Activity,Stretch Big,Low Activity
1626166,Cameron Payne,,Guard,6-2,183.0,7.4,2.0,2.6,1.1,0.3,0.5,17.0,0.376,0.33,0.864,,22.0,,,,,,,,,,21.01,7.48067,,1.90287,4.59474,,2.11368,3.03661,4.14663,11.4464,80.0,0.85,0.15,,,,,,,,3.4,0.1,,Low Activity,Secondary Ball Handler,Low Activity
1627747,Caris LeVert,Pistons,Guard,6-7,205.0,7.4,2.0,2.7,0.9,0.7,1.4,19.2,0.417,0.333,0.679,,60.0,,,,,,,-2.33836,,-2.257,18.5363,5.3236,1.40739,1.85589,4.46502,1.22825,2.70744,5.09242,4.5448,6.71581,340.0,0.3588235294117647,0.088235294117647,,,0.3529411764705882,0.05,0.0764705882352941,0.0735294117647058,,5.3,0.8,Primary Ball Handler,Chaser,Primary Ball Handler,Chaser
1642868,Carter Bryant,Spurs,Forward,6-6,220.0,4.2,2.5,0.7,0.2,0.3,0.5,11.5,0.408,0.335,0.714,,71.0,,,,,,,-2.46714,,-2.1036,15.8375,3.39479,1.36517,,7.99627,2.47269,2.01772,4.56371,1.18277,8.18784,210.0,,,,0.0761904761904762,0.7380952380952381,,,0.1333333333333333,0.0523809523809523,1.0,0.8,Athletic Finisher,Wing Stopper,Athletic Finisher,Wing Stopper
1641717,Cason Wallace,Thunder,Guard,6-3,195.0,8.6,3.1,2.6,1.9,0.4,0.9,26.6,0.432,0.351,0.809,,77.0,,,,,,,-1.19915,2.94212,1.743,16.2499,4.57465,,3.1379,4.16252,1.70703,1.64469,5.02294,2.19842,6.86092,496.0,0.25,0.0705645161290322,,0.0383064516129032,0.4375,0.0201612903225806,0.0705645161290322,0.0766129032258064,0.0362903225806451,5.4,1.2,Secondary Ball Handler,Point of Attack,Secondary Ball Handler,Point of Attack
1642907,Cedric Coward,Grizzlies,Guard,6-5,206.0,13.6,5.9,2.8,0.6,0.4,1.7,25.8,0.471,0.338,0.843,,62.0,,,,,,,1.06662,1.8931,1.2052,26.4834,4.95425,,1.26777,7.90816,2.32249,3.12186,5.73326,6.25337,8.64905,558.0,0.2598566308243727,0.0555555555555555,0.021505376344086,0.0232974910394265,0.3709677419354839,0.0770609318996415,0.0448028673835125,0.064516129032258,0.082437275985663,5.3,2.3,Primary Ball Handler,Wing Stopper,Primary Ball Handler,Wing Stopper
1643052,Chaney Johnson,Nets,Guard-Forward,6-7,220.0,8.2,4.6,2.1,0.9,0.5,1.2,20.5,0.543,0.3,0.8,,17.0,,,,,,,-1.52486,,-1.6722,16.9952,5.22235,1.3032,1.73812,6.02304,4.04332,2.80151,5.88953,2.63963,4.24068,12.0,,1.0,,,,,,,,2.4,3.1,,Mobile Big,Athletic Finisher,Mobile Big
1629646,Charles Bassey,Warriors,Center-Forward,6-10,230.0,5.8,4.4,0.5,0.3,0.8,0.5,11.8,0.66,0.0,0.7,,13.0,,,,,,,-1.60998,-1.477,-3.087,19.895,2.76341,3.41567,1.62591,11.4233,6.67635,2.79907,9.62233,3.72677,5.84151,,,,,,,,,,,0.3,4.0,,Anchor Big,Roll & Cut Big,Anchor Big
1642404,Chaz Lanier,,,,,,,,,,,,,,,,,,,,,,,-1.64413,,-2.4955,17.3898,2.83274,,1.39512,3.34039,1.57901,1.2172,1.01175,3.99118,11.6175,,,,,,,,,,,0.4,0.1,,,Stationary Shooter,Chaser
1631096,Chet Holmgren,Thunder,Center-Forward,7-1,208.0,17.1,8.9,1.7,0.6,1.9,1.6,28.9,0.557,0.362,0.792,,69.0,,,,,,,1.88011,2.75228,4.6324,27.3638,2.33865,3.01227,1.21944,11.8591,3.12,2.33945,7.78112,4.88786,6.02547,750.0,0.032,0.1,0.076,0.172,0.26,0.0493333333333333,0.028,0.156,0.1266666666666666,4.8,5.4,Stretch Big,Mobile Big,Stretch Big,Mobile Big
1628449,Chris Boucher,,Forward,6-8,200.0,,,,,,,,,,,,,,,,,,,,,,23.3827,1.87906,1.72167,1.43649,9.05163,4.06391,1.43278,6.59655,1.6751,10.2047,,,,,,,,,,,0.1,0.8,,,Stationary Shooter,Wing Stopper
1641753,Chris Livingston,,Forward,6-6,220.0,,,,,,,,,,,,,,,,,,,-2.71058,,-2.8598,16.7832,2.63616,,1.52906,8.7019,2.83268,2.29585,7.06166,1.54809,4.03088,,,,,,,,,,,0.7,0.0,,,Athletic Finisher,Wing Stopper
1643024,Chris Mañon,,,,,,,,,,,,,,,,,,,,,,,,,,,,,,,,,,,,,,,,,,,,,,0.7,0.7,,,Athletic Finisher,Low Activity
101108,Chris Paul,,Guard,6-0,175.0,2.9,1.8,3.3,0.7,0.0,1.0,14.3,0.321,0.333,0.5,,16.0,,,,,,,-1.19828,,-1.9876,13.7005,10.3873,,2.2773,5.3356,1.0035,2.86665,8.04973,4.96993,6.84024,38.0,0.7368421052631579,,,,0.2631578947368421,,,,,1.9,0.3,,,Primary Ball Handler,Point of Attack
1642959,Chris Youngblood,,,,,,,,,,,,,,,,,,,,,,,-1.77151,-1.44872,-2.2254,18.4968,3.28923,,1.38835,5.27837,1.99171,1.58006,1.29064,1.83961,13.6943,,,,,,,,,,,0.3,0.1,,,Stationary Shooter,Low Activity
1631128,Christian Braun,Nuggets,Guard,6-6,220.0,12.0,4.8,2.7,0.7,0.3,1.0,31.8,0.519,0.301,0.782,,44.0,,,,,,,,,,17.643,3.43416,,1.33955,5.38498,1.77793,1.25452,6.64395,1.18138,4.71556,275.0,0.08,,,0.0836363636363636,0.4290909090909091,,0.0436363636363636,0.2763636363636363,0.0872727272727272,1.9,4.1,Athletic Finisher,Wing Stopper,Athletic Finisher,Wing Stopper
1631132,Christian Koloko,Hawks,Center,6-11,225.0,2.7,3.0,0.7,0.5,0.9,0.6,13.2,0.419,0.111,0.667,,27.0,,,,,,,-3.45661,,-3.3655,12.0208,2.22377,2.84179,1.50572,6.57862,4.593,1.46256,6.23395,2.7324,1.37626,25.0,,,,0.52,,,,0.48,,0.0,3.9,,Mobile Big,Roll & Cut Big,Mobile Big
1642935,Chucky Hepburn,,,,,,,,,,,,,,,,,,,,,,,-1.30782,,-1.6614,20.7894,6.58609,,1.73961,3.28798,,2.92475,3.35757,3.7934,11.9377,,,,,,,,,,,2.0,0.0,,,Stationary Shooter,Chaser
203991,Clint Capela,Rockets,Center,6-10,256.0,3.8,4.6,0.7,0.5,0.8,0.5,12.3,0.52,0.5,0.577,,75.0,,,,,,,-1.28766,-1.47814,,16.151,2.58956,2.78917,1.47172,10.2397,7.81735,1.95353,9.27973,2.75716,6.46217,229.0,,,,0.2925764192139738,,,,0.2794759825327511,0.4279475982532751,0.4,4.0,Roll & Cut Big,Mobile Big,Roll & Cut Big,Anchor Big
1629632,Coby White,Hornets,Guard,6-4,210.0,17.4,3.4,4.0,0.5,0.1,2.6,25.0,0.446,0.362,0.817,,50.0,,,,,,,2.97326,,2.1486,35.8954,7.15952,,1.18171,6.11583,,4.25337,6.976,6.22457,13.026,311.0,0.5016077170418006,0.0578778135048231,,,0.360128617363344,0.0321543408360128,0.0482315112540192,,,11.5,0.4,Primary Ball Handler,Low Activity,Secondary Ball Handler,Low Activity
1628998,Cody Martin,,Forward,6-6,205.0,,,,,,,,,,,,,,,,,,,-3.42186,-2.2154,-2.6242,13.6281,4.18841,1.25378,2.28501,7.32935,2.0339,2.40452,3.6731,3.31148,5.59319,,,,,,,,,,,1.8,0.5,,,Stationary Shooter,Wing Stopper
1642262,Cody Williams,Jazz,Forward,6-8,190.0,8.8,3.0,2.0,0.8,0.4,1.1,24.3,0.468,0.214,0.706,,67.0,,,,,,,-2.25153,-2.08156,-4.3331,20.9514,5.03654,,1.38689,4.1215,1.52551,2.29934,6.1765,7.48659,4.06819,442.0,0.1561085972850678,0.085972850678733,,0.0610859728506787,0.3891402714932127,0.0407239819004524,0.0475113122171945,0.17420814479638,0.0452488687782805,3.7,2.1,,Wing Stopper,Secondary Ball Handler,Wing Stopper
1641732,Colby Jones,,Guard,6-6,207.0,,,,,,,,,,,,,,,,,,,-2.57714,,-2.5974,16.1729,4.59462,1.21705,2.09554,6.67322,2.47125,2.37835,3.9689,4.5526,5.13217,,,,,,,,,,,1.0,0.0,,,Secondary Ball Handler,Point of Attack
1630175,Cole Anthony,,Guard,6-2,185.0,6.7,2.5,3.5,0.6,0.3,1.9,15.1,0.424,0.306,0.615,,35.0,,,,,,,-2.15089,,-2.8301,22.8303,9.0156,1.18872,1.73327,6.53878,1.86938,4.57919,4.50557,9.23321,7.00527,208.0,0.6923076923076923,0.0913461538461538,,,0.2163461538461538,,,,,7.5,0.3,Primary Ball Handler,Point of Attack,Primary Ball Handler,Point of Attack
1630658,Colin Castleton,Magic,Center,6-10,250.0,,,,,,,,,,,,,,,,,,,-2.39671,,-2.8482,15.0884,2.90955,,1.17929,7.87969,5.75577,2.43424,5.29763,4.48714,1.76645,,,,,,,,,,,0.0,1.5,,,Roll & Cut Big,Mobile Big
1631221,Collin Gillespie,Suns,Guard,6-1,195.0,12.7,4.1,4.6,1.2,0.2,1.6,28.5,0.418,0.401,0.874,,80.0,,,,,,,1.06774,,1.7174,18.6613,6.98562,,2.10847,5.07995,2.2398,2.52428,1.31499,3.83849,10.8509,761.0,0.3981603153745072,0.0407358738501971,,0.0210249671484888,0.2798948751642575,0.0735873850197109,0.1432325886990801,0.0197109067017082,0.0236530880420499,6.0,1.0,Primary Ball Handler,Low Activity,Primary Ball Handler,Low Activity
1642867,Collin Murray-Boyles,Raptors,Forward,6-7,245.0,8.5,5.0,1.9,0.9,0.9,1.0,21.9,0.579,0.34,0.657,,57.0,,,,,,,,1.47235,1.4945,22.5033,4.01907,2.13917,2.0393,6.38926,5.20199,2.37027,10.6502,3.02868,1.28939,307.0,,,0.0488599348534201,0.2671009771986971,0.2084690553745928,,,0.3355048859934853,0.1400651465798045,1.1,6.6,Athletic Finisher,Mobile Big,Athletic Finisher,Mobile Big
1629012,Collin Sexton,Bulls,Guard,6-3,190.0,15.4,2.3,3.3,1.1,0.1,2.1,23.7,0.485,0.401,0.855,,68.0,,,,,,,-1.20554,-1.15158,-1.016,29.8014,5.49169,,1.87968,3.47272,1.42527,3.8639,8.33353,4.22841,8.72182,321.0,0.3800623052959501,0.0778816199376947,,0.0404984423676012,0.3644859813084112,,0.0685358255451713,0.0373831775700934,0.0311526479750778,9.5,1.0,Primary Ball Handler,Low Activity,Slasher,Low Activity
1642843,Cooper Flagg,Mavericks,Forward,6-9,205.0,21.0,6.7,4.5,1.2,0.9,2.3,33.5,0.468,0.295,0.827,,70.0,,,,,,,1.17509,,1.1199,36.3412,7.04146,1.35821,1.71945,7.90051,1.79788,3.42493,8.53426,14.6045,5.68743,1099.0,0.389444949954504,0.186533212010919,0.0363967242948134,0.016378525932666,0.1747042766151046,0.0555050045495905,0.0545950864422202,0.0427661510464058,0.0436760691537761,12.8,2.0,Shot Creator,Mobile Big,Shot Creator,Wing Stopper
1630557,Corey Kispert,Hawks,Forward,6-6,224.0,9.2,2.3,1.6,0.3,0.2,0.8,18.6,0.467,0.367,0.794,,58.0,,,,,,,-1.95418,-1.76014,-2.1937,23.9406,3.96549,,,4.51454,1.27329,1.84346,5.61853,1.73567,10.7268,116.0,0.1034482758620689,,,0.1379310344827586,0.3534482758620689,0.0862068965517241,0.1293103448275862,0.1896551724137931,,3.1,0.9,Athletic Finisher,Low Activity,Athletic Finisher,Low Activity
1642504,Cormac Ryan,Bucks,Guard,6-5,205.0,14.3,2.5,1.7,1.0,0.3,1.5,24.6,0.52,0.458,0.923,,11.0,,,,,,,-1.29716,-1.19737,-2.4945,22.021,3.38359,,1.67533,3.93035,1.42324,2.89596,4.62646,3.15982,10.1543,87.0,0.2068965517241379,,,,0.367816091954023,0.1149425287356321,0.1839080459770115,0.1264367816091954,,4.6,1.3,,Low Activity,Secondary Ball Handler,Low Activity
1641854,Craig Porter Jr.,Cavaliers,Guard,6-1,180.0,4.5,3.4,3.2,0.9,0.6,0.9,17.9,0.45,0.355,0.6,,64.0,,,,,,,-1.55219,,-2.4222,12.497,8.2402,1.39914,2.02753,5.64688,2.97452,2.66566,3.60869,3.18611,4.07936,248.0,0.3548387096774194,0.0524193548387096,,0.0403225806451612,0.3548387096774194,,0.0685483870967741,0.0685483870967741,0.0604838709677419,4.2,1.5,Primary Ball Handler,Low Activity,Primary Ball Handler,Low Activity
1642938,Curtis Jones,,,,,,,,,,,,,,,,,,,,,,,-1.68406,,-2.2756,17.1643,4.98109,,1.54448,4.61141,1.63423,1.87652,3.40978,2.20581,9.41356,,,,,,,,,,,1.3,0.2,,,Stationary Shooter,Chaser
1626156,D'Angelo Russell,Wizards,Guard,6-3,193.0,10.2,2.3,4.0,0.5,0.1,1.9,19.0,0.405,0.295,0.717,,26.0,,,,,,,,,,25.1476,9.09673,,1.61781,5.00041,,3.83686,3.04722,7.25087,10.7458,195.0,0.4923076923076923,0.1179487179487179,,,0.282051282051282,,0.1076923076923077,,,5.8,0.4,Primary Ball Handler,,Primary Ball Handler,Point of Attack
1629610,DaQuan Jeffries,,Guard-Forward,6-5,222.0,10.3,1.7,0.3,0.7,0.0,0.0,20.0,0.579,0.444,1.0,,3.0,,,,,,,-2.12364,-1.4009,-3.5245,15.9217,2.261,,1.33712,4.51094,1.75209,1.45691,4.20748,1.96001,7.78061,,,,,,,,,,,2.3,1.0,,,Stationary Shooter,Low Activity
1641747,DaRon Holmes II,Nuggets,Forward,6-9,225.0,3.7,1.4,0.6,0.0,0.2,0.5,8.4,0.508,0.444,0.786,,25.0,,,,,,,-1.38365,,-1.4983,18.6389,3.20951,1.42274,,7.02364,2.44994,2.31797,3.56175,2.24993,10.5798,,,,,,,,,,,0.6,0.8,,Mobile Big,Stationary Shooter,Mobile Big
1631342,Daeqwon Plowden,Kings,Guard-Forward,6-4,216.0,10.8,3.0,1.3,0.7,0.2,0.8,26.4,0.43,0.333,0.857,,32.0,,,,,,,-2.23547,-1.56145,-2.1582,20.5963,2.37187,,1.29889,3.84174,1.88262,1.54121,3.3765,2.4883,11.338,233.0,0.0686695278969957,,,0.0472103004291845,0.6781115879828327,,0.0686695278969957,0.0901287553648068,0.0472103004291845,2.3,1.7,Movement Shooter,Wing Stopper,Movement Shooter,Wing Stopper
1630625,Dalano Banton,Celtics,Forward,6-8,203.0,,,,,,,,,,,,,,,,,,,-2.55896,,-2.6841,20.7573,6.46441,1.47488,1.81941,4.65196,1.66738,3.55608,6.73255,4.74355,7.463,,,,,,,,,,,4.3,0.3,,,Stationary Shooter,Wing Stopper
1631207,Dalen Terry,76ers,Forward,6-6,210.0,3.7,1.8,1.4,0.6,0.3,0.5,11.5,0.439,0.364,0.533,,48.0,,,,,,,-3.34616,,-3.1909,15.1381,5.16505,,2.18354,4.93036,2.03447,2.12039,5.31787,2.84326,5.74732,62.0,0.2258064516129032,,,,0.7741935483870968,,,,,2.7,0.7,,Helper,Secondary Ball Handler,Helper
1642261,Dalton Knecht,Lakers,Forward,6-6,215.0,4.2,1.4,0.4,0.2,0.2,0.4,10.2,0.455,0.342,0.727,,54.0,,,,,,,-1.42472,-2.24165,-3.6664,20.8055,2.05614,,,5.92343,1.29164,1.5815,3.99623,3.32862,10.0276,144.0,0.1458333333333333,0.1041666666666666,,,0.4791666666666667,0.1527777777777778,0.1180555555555555,,,1.2,0.4,Secondary Ball Handler,Chaser,Secondary Ball Handler,Chaser
1629655,Daniel Gafford,Mavericks,Forward-Center,6-10,265.0,9.5,6.9,1.1,0.8,1.3,1.1,21.7,0.655,0.0,0.683,,55.0,,,,,,,,,,23.5436,2.52817,2.86375,1.36567,9.2822,5.5362,2.3658,11.2445,2.28886,4.71556,325.0,,,0.1107692307692307,0.2769230769230769,0.0461538461538461,,,0.2769230769230769,0.2892307692307692,0.9,6.1,Roll & Cut Big,Anchor Big,Roll & Cut Big,Anchor Big
1642450,Daniss Jenkins,Pistons,Guard,6-4,165.0,9.3,2.3,3.9,0.9,0.2,1.6,20.2,0.408,0.374,0.832,,72.0,,,,,,,-1.00044,,,22.8386,8.1645,,1.84636,3.99823,1.85078,3.20711,5.4716,6.21876,7.81213,534.0,0.4419475655430712,0.1217228464419475,,,0.2734082397003745,0.0411985018726591,0.0617977528089887,0.0280898876404494,0.0318352059925093,7.5,0.7,Primary Ball Handler,Low Activity,Primary Ball Handler,Low Activity
1642874,Danny Wolf,Nets,Forward,6-11,250.0,8.9,4.9,2.2,0.5,0.6,1.3,20.8,0.405,0.322,0.771,,57.0,,,,,,,-1.76564,,-2.0228,22.163,5.50903,1.3121,1.30788,9.64382,2.27108,3.08081,7.61853,2.04159,8.79444,435.0,0.1310344827586207,0.0367816091954023,0.0597701149425287,0.0712643678160919,0.4482758620689655,0.0229885057471264,0.1103448275862069,0.0551724137931034,0.064367816091954,4.2,1.6,Off Screen Shooter,Helper,Off Screen Shooter,Helper
203967,Dario Saric,,Forward-Center,6-10,225.0,,,,,,,,,,,,,,,,,,,-1.79589,,-1.828,17.002,5.50129,,1.39319,8.75056,3.14977,3.27843,4.89198,2.0884,6.57643,,,,,,,,,,,0.0,0.6,,,Roll & Cut Big,Mobile Big
1641727,Dariq Whitehead,,Guard-Forward,6-6,220.0,,,,,,,,,,,,,,,,,,,-2.1165,-1.76642,-3.8829,21.2955,2.59729,,1.32297,5.52093,,2.68614,3.18017,2.77724,13.7568,,,,,,,,,,,2.2,0.8,,,Stationary Shooter,Low Activity
1642468,Darius Brown,,,,,,,,,,,,,,,,,,,,,,,-2.69618,-1.50627,-3.4664,17.0117,5.03154,,1.48371,4.10232,1.64368,2.61112,3.9857,3.74474,7.45308,,,,,,,,,,,1.0,0.0,,,Stationary Shooter,Low Activity
1629636,Darius Garland,Clippers,Guard,6-1,192.0,18.8,2.4,6.7,1.0,0.2,2.9,29.9,0.46,0.396,0.861,,45.0,,,,,,,3.13471,,2.3963,31.0781,10.388,,1.71991,3.38801,,4.31839,5.79113,7.2759,11.7525,309.0,0.511326860841424,0.0970873786407767,,,0.233009708737864,0.0355987055016181,0.0776699029126213,0.0453074433656957,,13.8,0.5,Primary Ball Handler,Low Activity,Primary Ball Handler,Low Activity
1642357,David Jones Garcia,,,,,,,,,,,,,,,,,,,,,,,-1.54538,,-2.1244,17.918,7.61414,,1.65234,5.24932,2.43786,2.50794,8.11437,2.05607,4.07655,,,,,,,,,,,2.5,0.2,,,Athletic Finisher,Chaser
1631223,David Roddy,Nuggets,Forward,6-5,255.0,8.0,4.0,0.8,0.8,0.2,0.4,14.6,0.5,0.273,1.0,,5.0,,,,,,,-2.18817,,-2.7379,18.6955,3.3302,,1.35237,7.2867,2.2523,2.1039,6.24219,2.67855,7.31142,,,,,,,,,,,3.0,2.4,,,Athletic Finisher,Wing Stopper
1630558,Davion Mitchell,Heat,Guard,6-0,202.0,9.3,2.7,6.5,1.0,0.2,1.5,28.6,0.49,0.395,0.646,,70.0,,,,,,,-1.43987,1.95245,,16.1501,9.32325,,1.54561,3.63613,,2.54386,3.94721,3.05905,6.58268,451.0,0.106430155210643,0.3547671840354767,,,0.5388026607538803,,,,,10.3,0.3,Shot Creator,Point of Attack,Shot Creator,Point of Attack
1630549,Day'Ron Sharpe,Nets,Center,6-10,265.0,8.7,6.7,2.3,1.1,0.4,1.7,18.7,0.601,0.231,0.678,,62.0,,,,,,,,,1.2377,23.9162,6.11371,1.37265,2.22754,10.1836,7.53868,4.05711,12.1882,2.54823,1.7149,397.0,,0.0478589420654911,0.0982367758186398,0.2241813602015113,0.0831234256926952,,,0.2468513853904282,0.2997481108312342,1.1,6.8,Roll & Cut Big,Mobile Big,Roll & Cut Big,Mobile Big
1628368,De'Aaron Fox,Spurs,Guard,6-3,185.0,18.6,3.8,6.2,1.2,0.3,2.3,31.0,0.486,0.332,0.76,,72.0,,,,,,,2.34398,,2.7,27.5414,8.41635,,1.89532,4.67822,,3.23281,5.84288,8.8085,7.32536,845.0,0.3917159763313609,0.1562130177514792,,,0.2378698224852071,0.0710059171597633,0.0970414201183432,0.0248520710059171,0.0213017751479289,12.1,0.8,Primary Ball Handler,Low Activity,Slasher,Low Activity
1629631,De'Andre Hunter,Kings,Forward-Guard,6-7,221.0,13.7,4.1,2.0,0.7,0.1,1.7,26.1,0.415,0.305,0.867,,45.0,,,,,,,,-1.3769,,25.3232,3.14637,,1.29326,6.0811,1.29993,2.68187,3.98267,6.25451,9.53712,433.0,0.1755196304849884,0.1039260969976905,,0.0346420323325635,0.3787528868360277,0.0739030023094688,0.1224018475750577,0.0762124711316397,0.0346420323325635,5.2,1.3,Secondary Ball Handler,Wing Stopper,Secondary Ball Handler,Wing Stopper
1629001,De'Anthony Melton,Warriors,Guard,6-2,200.0,12.3,3.2,2.6,1.6,0.4,1.9,23.0,0.407,0.294,0.826,,49.0,,,,,,,,,,24.692,5.55253,,2.89343,5.32136,1.70555,3.21386,6.34239,4.64009,9.68894,504.0,0.3253968253968254,0.115079365079365,,0.0238095238095238,0.3492063492063492,0.0535714285714285,0.0515873015873015,0.0416666666666666,0.0396825396825396,8.1,1.6,Primary Ball Handler,Point of Attack,Primary Ball Handler,Point of Attack
201599,DeAndre Jordan,Pelicans,Center,6-11,265.0,4.4,6.3,0.9,0.3,0.8,0.8,16.6,0.656,0.0,0.647,,12.0,,,,,,,-2.30857,-1.0507,-2.8399,13.4362,3.222,2.03172,1.0109,13.1536,5.75594,2.78247,7.99146,3.93771,7.90204,31.0,,,,,,,,0.3870967741935484,0.6129032258064516,0.0,3.9,,Mobile Big,Roll & Cut Big,Mobile Big
1630610,DeJon Jarreau,,,,,,,,,,,,,,,,,,,,,,,-1.5457,,-1.6907,20.3198,7.47299,1.04903,1.68669,8.50858,2.63027,3.59215,6.26667,4.98219,5.67133,72.0,0.3055555555555556,,,,0.5555555555555556,,,0.1388888888888889,,5.9,1.4,,,Secondary Ball Handler,Chaser
201942,DeMar DeRozan,Kings,Guard-Forward,6-6,220.0,18.4,2.9,4.1,1.0,0.3,1.2,31.2,0.497,0.32,0.868,,77.0,,,,,,,1.71773,-2.18805,,30.0526,7.47419,,1.41371,3.61746,,2.27198,3.28548,15.5213,2.8671,1092.0,0.2316849816849817,0.2216117216117216,0.1437728937728937,0.0119047619047619,0.1813186813186813,0.0677655677655677,0.0851648351648351,0.0402930402930402,0.0164835164835164,8.7,0.7,Shot Creator,Low Activity,Shot Creator,Low Activity
1629731,Dean Wade,Cavaliers,Forward-Center,6-9,228.0,5.8,4.2,1.5,0.7,0.4,0.3,22.3,0.439,0.362,0.711,,59.0,,,,,,,-1.00044,-1.22414,,10.4829,1.95051,,1.57025,6.89013,2.23974,,2.63358,5.68289,6.00442,206.0,,,,0.1019417475728155,0.6747572815533981,,,0.1504854368932038,0.0728155339805825,1.5,1.4,Athletic Finisher,Wing Stopper,Athletic Finisher,Wing Stopper
1629028,Deandre Ayton,Lakers,Center,7-0,252.0,12.5,8.0,0.8,0.6,1.0,1.2,27.2,0.671,0.0,0.645,,72.0,,,,,,,,-1.27153,-1.0491,21.9206,1.42213,1.66781,1.1005,9.80239,5.2034,2.10439,9.35028,5.622,9.85211,587.0,,,0.1277683134582623,0.3185689948892675,0.0255536626916524,,,0.3339011925042589,0.1942078364565587,0.6,9.3,Roll & Cut Big,Mobile Big,Roll & Cut Big,Mobile Big
1627749,Dejounte Murray,Pelicans,Guard,6-4,180.0,16.7,5.4,6.4,1.6,0.2,3.4,27.8,0.484,0.306,0.867,,14.0,,,,,,,1.00786,,1.315,27.1012,10.6468,,2.41302,8.34205,,4.61762,6.1165,8.18445,7.56471,175.0,0.5142857142857142,0.24,,,0.2457142857142857,,,,,11.1,0.4,Shot Creator,Wing Stopper,Primary Ball Handler,Wing Stopper
1630166,Deni Avdija,Trail Blazers,Forward,6-8,228.0,24.2,6.9,6.7,0.8,0.6,3.8,33.3,0.462,0.318,0.802,,66.0,,,,,,,2.78104,,1.841,34.7258,9.0691,,1.25347,8.20419,1.55553,5.21882,9.43031,6.47499,6.95939,1173.0,0.3682864450127877,0.1543052003410059,0.0349531116794543,,0.2404092071611253,0.0588235294117647,0.0647911338448422,0.0502983802216538,0.0281329923273657,19.4,1.6,Primary Ball Handler,Low Activity,Primary Ball Handler,Low Activity
203471,Dennis Schröder,Cavaliers,Guard,6-1,175.0,10.8,2.7,4.9,0.8,0.2,1.8,24.2,0.405,0.329,0.834,,70.0,,,,,,,,,,,,,,,,,,,,287.0,0.3414634146341463,0.1463414634146341,,,0.4390243902439024,,0.0383275261324041,,0.0348432055749128,9.0,0.3,Slasher,Low Activity,Slasher,Low Activity
1641726,Dereck Lively II,Mavericks,Center,7-1,230.0,4.3,5.3,1.9,0.6,1.6,1.4,16.4,0.611,0.0,0.8,,7.0,,,,,,,1.31396,,,15.5476,4.71707,3.10523,1.42248,9.56442,5.65547,2.33127,7.77876,2.12391,11.528,,,,,,,,,,,0.0,4.7,,Anchor Big,Roll & Cut Big,Anchor Big
1642852,Derik Queen,Pelicans,Center,6-9,250.0,11.7,7.1,3.7,1.0,0.9,2.3,25.0,0.473,0.261,0.795,,81.0,,,,,,,-1.58913,-1.48934,-3.0785,21.7687,6.15681,1.73204,1.99273,9.86133,2.95619,4.38031,8.63042,5.06538,2.77803,740.0,0.1,0.2067567567567567,0.0986486486486486,0.1216216216216216,0.2135135135135135,,0.0148648648648648,0.104054054054054,0.1405405405405405,5.8,2.8,Stretch Big,Mobile Big,Versatile Big,Mobile Big
1627884,Derrick Jones Jr.,Clippers,Forward,6-6,210.0,10.1,3.5,1.4,0.9,1.0,0.8,27.0,0.499,0.359,0.763,,50.0,,,,,,,,1.20242,,16.8362,2.40298,1.5414,1.65919,4.32339,2.31487,1.44419,6.46679,1.83199,4.73192,302.0,0.043046357615894,,,0.0629139072847682,0.5496688741721855,,,0.2052980132450331,0.1390728476821192,1.9,2.7,Athletic Finisher,Wing Stopper,Athletic Finisher,Wing Stopper
1628401,Derrick White,Celtics,Guard,6-4,190.0,16.5,4.4,5.4,1.1,1.3,1.7,34.1,0.394,0.327,0.902,,77.0,,,,,,,,2.1047,2.9082,19.2527,5.97193,1.55716,1.52295,4.06679,1.81447,2.51132,2.22598,3.41702,9.6951,1096.0,0.3895985401459854,0.0611313868613138,,0.0191605839416058,0.3102189781021898,0.0656934306569343,0.1204379562043795,0.0164233576642335,0.0173357664233576,7.5,1.1,Primary Ball Handler,Low Activity,Secondary Ball Handler,Chaser
1630217,Desmond Bane,Magic,Guard,6-6,215.0,20.1,4.1,4.1,1.0,0.5,2.0,33.6,0.484,0.391,0.908,,82.0,,,,,,,1.87626,1.4029,1.829,28.909,4.00665,,1.65013,4.39024,1.6486,2.91897,5.49217,6.41904,9.5036,1050.0,0.3323809523809524,0.1,,0.0152380952380952,0.2504761904761904,0.1028571428571428,0.1047619047619047,0.0476190476190476,0.0466666666666666,10.8,1.5,Secondary Ball Handler,Low Activity,Secondary Ball Handler,Low Activity
1626164,Devin Booker,Suns,Guard,6-5,206.0,26.1,3.9,6.0,0.8,0.3,3.1,33.5,0.456,0.33,0.873,,64.0,,,,,,,3.63124,2.1047,2.9369,35.4297,7.65825,,1.1377,4.19208,1.30752,4.08024,5.07825,11.8265,7.20023,1238.0,0.3998384491114701,0.1793214862681744,0.0500807754442649,0.0185783521809369,0.1219709208400646,0.0896607431340872,0.0977382875605815,0.0226171243941841,0.0201938610662358,15.7,1.3,Primary Ball Handler,Low Activity,Shot Creator,Low Activity
1642269,Devin Carter,Kings,Guard,6-2,195.0,8.9,3.3,2.7,0.9,0.2,1.4,18.4,0.414,0.263,0.713,,38.0,,,,,,,,,,24.2254,6.42605,,2.29082,6.47102,2.32128,3.19915,6.53094,4.91755,8.03907,268.0,0.373134328358209,0.1343283582089552,,,0.2873134328358209,,0.0783582089552238,0.0410447761194029,0.085820895522388,6.9,1.5,Primary Ball Handler,Point of Attack,Primary Ball Handler,Point of Attack
1630170,Devin Vassell,Spurs,Guard-Forward,6-5,200.0,13.9,4.0,2.5,0.9,0.4,0.9,30.5,0.437,0.384,0.815,,67.0,,,,,,,2.58805,-1.32993,1.2696,19.5813,3.89297,,1.57732,5.6703,1.09198,1.50243,2.30435,5.33029,8.92765,561.0,0.1319073083778966,0.0303030303030303,,0.0231729055258467,0.4759358288770053,0.1657754010695187,0.1336898395721925,0.0213903743315508,0.017825311942959,3.6,0.5,Off Screen Shooter,Low Activity,Off Screen Shooter,Low Activity
1628415,Dillon Brooks,Suns,Guard-Forward,6-7,225.0,20.2,3.6,1.8,1.0,0.2,1.8,30.4,0.435,0.344,0.842,,56.0,,,,,,,,,,31.9434,2.84111,,1.44731,4.98043,1.3851,2.56534,4.05451,12.5357,10.3043,888.0,0.2477477477477477,0.1497747747747747,0.1137387387387387,0.0191441441441441,0.3558558558558558,0.0304054054054054,0.036036036036036,0.0168918918918918,0.0304054054054054,8.2,0.9,Secondary Ball Handler,Wing Stopper,Secondary Ball Handler,Wing Stopper
1641794,Dillon Jones,Knicks,Forward,6-5,235.0,,,,,,,,,,,,,,,,,,,-3.15851,-1.13821,-4.2967,12.2796,4.44658,,1.51005,7.42576,2.63629,2.32651,4.11327,1.80294,4.6047,,,,,,,,,,,0.9,0.0,,,Stationary Shooter,Low Activity
1627734,Domantas Sabonis,Kings,Forward-Center,6-10,240.0,15.8,11.4,4.1,0.9,0.2,2.7,29.7,0.543,0.185,0.727,,19.0,,,,,,,1.58912,1.07543,1.1001,26.674,7.32811,,1.28081,13.1373,5.37501,4.06175,11.8701,4.18434,2.40128,217.0,,,0.1705069124423963,0.3502304147465437,0.1152073732718894,,,0.184331797235023,0.1797235023041474,2.1,10.5,Roll & Cut Big,Mobile Big,Versatile Big,Mobile Big
1631230,Dominick Barlow,76ers,Forward,6-9,224.0,7.7,4.8,1.2,0.9,0.7,0.8,23.8,0.539,0.256,0.718,,71.0,,,,,,,-1.83199,,-1.6631,14.6352,2.0848,1.62391,1.61028,6.09049,3.82109,1.54378,6.92559,1.69865,1.72161,335.0,,,,0.0746268656716417,0.4328358208955223,,,0.2895522388059701,0.2029850746268656,2.1,3.3,Athletic Finisher,Mobile Big,Athletic Finisher,Mobile Big
1642270,Donovan Clingan,Trail Blazers,Center,7-2,280.0,12.1,11.6,2.1,0.6,1.7,1.2,27.2,0.52,0.341,0.68,,77.0,,,,,,,1.94312,,2.6607,22.688,3.78981,3.10941,1.14838,12.861,7.6685,2.29844,9.53496,4.62958,7.40421,688.0,,,0.0218023255813953,0.2848837209302325,0.1787790697674418,,,0.2063953488372093,0.3081395348837209,0.3,8.8,Stretch Big,Anchor Big,Roll & Cut Big,Anchor Big
1628378,Donovan Mitchell,Cavaliers,Guard,6-2,215.0,27.9,4.5,5.7,1.5,0.3,2.8,33.5,0.483,0.364,0.865,,70.0,,,,,,,4.01691,,4.1291,37.3506,5.52952,,1.90045,5.56708,1.19697,3.53893,6.74351,10.5662,10.7034,1251.0,0.4540367705835332,0.1726618705035971,,0.014388489208633,0.1718625099920064,0.0583533173461231,0.0863309352517985,0.0279776179056754,0.014388489208633,14.1,0.9,Primary Ball Handler,Low Activity,Shot Creator,Low Activity
1628978,Donte DiVincenzo,Timberwolves,Guard,6-4,203.0,12.2,4.1,3.8,1.3,0.4,1.4,30.4,0.406,0.379,0.743,,82.0,,,,,,,2.07426,,1.5155,18.8432,5.31206,,2.05423,5.07327,,2.37257,2.66958,1.26842,12.5758,740.0,0.1486486486486486,0.0243243243243243,,,0.427027027027027,0.1783783783783784,0.1743243243243243,0.0162162162162162,0.031081081081081,3.5,0.7,Off Screen Shooter,Low Activity,Off Screen Shooter,Chaser
1627827,Dorian Finney-Smith,Rockets,Forward,6-7,220.0,3.3,2.5,1.0,0.4,0.2,0.6,16.8,0.333,0.27,0.889,,37.0,,,,,,,-1.94111,-1.63267,-1.5125,12.3536,2.72905,,1.42488,4.63176,2.48084,1.47011,2.31748,2.14541,8.32482,122.0,,,,0.0901639344262295,0.6967213114754098,,,0.0901639344262295,0.1229508196721311,0.7,1.2,Athletic Finisher,Mobile Big,Athletic Finisher,Mobile Big
203926,Doug McDermott,Kings,Forward,6-7,225.0,5.7,1.3,0.8,0.2,0.1,0.4,15.1,0.388,0.39,0.889,,29.0,,,,,,,-1.35448,-1.9976,-3.3521,18.4321,2.58001,,,2.90441,,1.42352,1.26707,1.34789,13.2715,110.0,,,,,0.5,0.3727272727272727,0.1272727272727272,,,0.7,0.2,Off Screen Shooter,Low Activity,Off Screen Shooter,Low Activity
1642962,Drake Powell,Nets,Guard-Forward,6-5,195.0,6.5,1.8,1.4,0.6,0.2,1.0,21.0,0.402,0.28,0.896,,63.0,,,,,,,-3.72949,-1.21395,-4.5253,17.4403,3.15083,,1.41623,3.47642,,2.16661,3.79416,3.65829,7.18283,321.0,0.2305295950155763,0.1059190031152648,,,0.5358255451713395,,0.0841121495327102,0.043613707165109,,3.9,0.3,Secondary Ball Handler,Wing Stopper,Secondary Ball Handler,Wing Stopper
203110,Draymond Green,Warriors,Forward,6-6,230.0,8.4,5.5,5.5,0.9,0.6,2.7,27.5,0.418,0.326,0.702,,68.0,,,,,,,-2.53811,,-1.7114,11.9028,10.1388,1.02214,1.88798,7.71742,1.44165,4.37055,3.08503,2.82225,6.81674,479.0,0.0521920668058455,,0.0292275574112734,0.1565762004175365,0.5532359081419624,0.0250521920668058,,0.1461377870563674,0.0375782881002087,2.4,2.3,Athletic Finisher,Mobile Big,Roll & Cut Big,Helper
1629234,Drew Eubanks,Kings,Forward-Center,6-10,245.0,5.2,3.0,0.5,0.4,0.6,0.7,13.1,0.596,0.143,0.561,,42.0,,,,,,,-2.32226,-1.4727,-3.795,19.7368,2.31091,2.21215,1.17933,8.85973,3.73407,2.4536,7.10987,6.05159,1.55747,144.0,,,,0.4652777777777778,0.0833333333333333,,,0.3402777777777778,0.1111111111111111,0.5,3.7,Roll & Cut Big,Mobile Big,Roll & Cut Big,Mobile Big
1641809,Drew Peterson,,,,,,,,,,,,,,,,,,,,,,,-2.04247,,-2.6343,14.0872,3.07494,,1.53167,6.94396,2.41609,1.96367,2.00655,2.93162,9.27036,,,,,,,,,,,1.2,0.5,,,Stationary Shooter,Chaser
1631166,Drew Timme,Lakers,Forward,6-9,235.0,,,,,,,,,,,,,,,,,,,-2.45382,-1.46835,-3.9222,18.236,4.14758,,1.11181,6.83598,2.68954,2.54637,5.33719,4.71233,5.77418,,,,,,,,,,,0.6,0.9,,,Stationary Shooter,Low Activity
1630696,Dru Smith,Heat,Guard,6-2,203.0,5.6,2.5,2.6,1.4,0.3,0.8,16.3,0.415,0.295,0.829,,70.0,,,,,,,-2.19771,1.52507,,16.0395,6.85119,,3.63269,4.45193,2.40988,2.08356,4.61009,3.21909,4.56614,264.0,0.1287878787878787,0.1553030303030303,,,0.5416666666666666,,,0.0568181818181818,0.1174242424242424,3.5,1.1,Primary Ball Handler,Point of Attack,Primary Ball Handler,Point of Attack
1629130,Duncan Robinson,Pistons,Forward,6-7,215.0,12.2,2.7,2.1,0.6,0.3,0.7,27.4,0.456,0.41,0.755,,77.0,,,,,,,1.07465,,,18.717,3.79253,,1.18865,3.89208,,1.4872,2.39178,1.46263,11.2959,571.0,0.0840630472854641,,,0.0560420315236427,0.425569176882662,0.2311733800350262,0.1471103327495621,0.0350262697022767,0.021015761821366,2.8,0.5,Off Screen Shooter,Chaser,Off Screen Shooter,Chaser
1641871,Duop Reath,,Center,6-9,245.0,2.9,1.2,0.3,0.2,0.3,0.2,8.1,0.446,0.418,0.833,,32.0,,,,,,,-1.80799,,-2.5307,17.1747,2.35831,1.53143,1.33298,5.5586,3.57587,1.68494,4.22953,1.23183,9.68574,,,,,,,,,,,0.5,0.5,,,Stretch Big,Mobile Big
203939,Dwight Powell,Mavericks,Forward-Center,6-10,240.0,3.3,4.1,1.1,0.5,0.3,0.7,14.3,0.644,0.286,0.696,,63.0,,,,,,,-1.66631,,-1.515,10.823,3.90012,1.1126,1.57528,7.53787,4.89629,2.04464,4.61277,,,119.0,,,,0.1932773109243697,0.0840336134453781,,,0.5210084033613446,0.2016806722689075,0.2,2.7,Roll & Cut Big,Anchor Big,Roll & Cut Big,Anchor Big
1642928,Dylan Cardwell,Kings,Center,6-10,255.0,5.4,7.5,1.4,0.7,1.5,0.9,20.6,0.587,0.5,0.51,,44.0,,,,,,,-2.0193,,-2.0759,13.4393,3.7539,3.33326,1.54234,9.70014,7.64475,2.12772,5.98229,3.79059,8.6038,173.0,,,,0.2543352601156069,,,,0.4797687861271676,0.2658959537572254,0.1,6.8,Roll & Cut Big,Mobile Big,Roll & Cut Big,Mobile Big
1642844,Dylan Harper,Spurs,Guard,6-5,215.0,11.8,3.4,3.9,0.8,0.3,1.4,22.6,0.505,0.343,0.756,,69.0,,,,,,,1.71475,1.57184,2.0413,23.8766,6.15038,,1.73455,5.95473,2.0731,2.90366,9.16106,4.00679,4.69525,518.0,0.3455598455598455,0.1216216216216216,,,0.3494208494208494,,0.0791505791505791,0.0521235521235521,0.0521235521235521,8.7,1.1,Primary Ball Handler,Low Activity,Primary Ball Handler,Low Activity
1630700,Dyson Daniels,Hawks,Guard,6-7,199.0,11.9,6.8,5.9,2.0,0.4,1.8,33.2,0.517,0.188,0.615,,76.0,,,,,,,1.6007,2.62679,3.5272,17.2733,8.27292,,2.99725,7.05402,3.5905,2.53253,8.0917,2.96728,3.42624,663.0,0.1553544494720965,0.0633484162895927,,0.0678733031674208,0.2730015082956259,0.0165912518853695,0.0663650075414781,0.2352941176470588,0.1221719457013574,10.0,5.1,Slasher,Wing Stopper,Slasher,Wing Stopper
1630604,E.J. Liddell,Nets,Forward,6-6,240.0,5.7,2.7,0.9,0.2,0.4,0.6,13.4,0.486,0.346,0.808,,26.0,,,,,,,-1.34985,-1.88742,-3.2373,19.1233,3.35851,1.28604,1.24203,7.4016,1.9411,2.22339,4.2613,3.7812,7.03438,70.0,,,,0.1714285714285714,0.6142857142857143,,,0.2142857142857142,,1.5,1.3,,Mobile Big,Athletic Finisher,Mobile Big
1642856,Egor Dëmin,Nets,Guard,6-8,200.0,10.3,3.2,3.3,0.8,0.3,1.7,25.2,0.399,0.385,0.831,,52.0,,,,,,,,,,,,,,,,,,,,387.0,0.2894056847545219,0.0439276485788113,,,0.4341085271317829,0.0335917312661498,0.1627906976744186,0.0361757105943152,,3.1,0.4,Secondary Ball Handler,Low Activity,Secondary Ball Handler,Low Activity
1641989,Elijah Harkless,Jazz,Guard,6-3,195.0,6.8,2.0,2.9,1.2,0.2,1.0,21.0,0.335,0.239,0.766,,26.0,,,,,,,-1.59941,1.29844,,17.4364,5.99256,,2.44004,3.90445,1.24545,2.01795,4.3778,1.87128,7.77776,116.0,0.25,0.0862068965517241,,,0.6637931034482759,,,,,4.1,0.4,Primary Ball Handler,Point of Attack,Primary Ball Handler,Point of Attack
1641801,Emanuel Miller,,,,,,,,,,,,,,,,,,,,,,,-1.91364,-1.50971,-3.4233,18.5381,4.01964,,1.41998,5.38872,3.10787,1.78999,5.94897,3.5841,6.0455,,,,,,,,,,,1.0,0.6,,,Stationary Shooter,Low Activity
1642402,Enrique Freeman,Timberwolves,Forward,6-9,220.0,,,,,,,,,,,,,,,,,,,-3.34135,-1.21395,-4.5553,12.9058,2.14008,1.33927,1.19673,6.3131,2.9737,1.81153,5.67603,5.08694,3.25974,,,,,,,,,,,0.0,0.5,,,Athletic Finisher,Low Activity
201569,Eric Gordon,,Guard,6-3,215.0,,,,,,,,,,,,,,,,,,,-1.65107,,-2.5366,15.6921,3.78138,,1.59569,2.42318,,1.76027,2.87673,1.0887,8.96918,12.0,,,,,1.0,,,,,1.7,0.2,,,Stationary Shooter,Point of Attack
1630679,Ethan Thompson,Pacers,Guard,6-4,195.0,7.0,2.2,1.8,0.6,0.3,0.8,20.4,0.378,0.328,0.787,,32.0,,,,,,,-1.49658,1.12777,-1.2618,17.1004,3.9771,,1.49148,4.16003,1.14228,1.82956,3.00593,3.43082,8.15535,71.0,0.2816901408450704,,,,,0.3098591549295774,0.2253521126760563,0.1830985915492957,,3.1,0.9,,Low Activity,Secondary Ball Handler,Low Activity
1630596,Evan Mobley,Cavaliers,Center,6-11,215.0,18.2,9.0,3.6,0.7,1.7,1.9,31.9,0.546,0.297,0.606,,65.0,,,,,,,1.53269,,1.4882,23.8151,5.31425,2.47246,1.28482,9.3751,3.48029,2.83702,8.34297,3.92214,4.83377,840.0,0.1,0.0595238095238095,0.1083333333333333,0.2035714285714285,0.2071428571428571,0.0297619047619047,0.0154761904761904,0.1833333333333333,0.0928571428571428,7.1,7.7,Stretch Big,Mobile Big,Versatile Big,Mobile Big
1630532,Franz Wagner,Magic,Forward,6-10,220.0,20.6,5.2,3.3,0.9,0.3,1.7,30.0,0.481,0.345,0.823,,34.0,,,,,,,1.90315,1.89271,3.7959,31.5552,5.44518,,1.73175,6.5461,1.64457,2.64116,9.11463,8.45607,5.64465,439.0,0.3006833712984054,0.0979498861047836,0.0911161731207289,0.0387243735763098,0.2369020501138952,0.0432801822323462,0.0523917995444191,0.0911161731207289,0.0478359908883826,10.2,2.5,Primary Ball Handler,Wing Stopper,Primary Ball Handler,Wing Stopper
1641713,GG Jackson,Grizzlies,Forward,6-9,210.0,12.5,4.3,1.5,0.6,0.8,1.5,21.4,0.496,0.332,0.742,,55.0,,,,,,,,-1.41646,-1.2042,29.3274,3.4604,1.41481,1.27525,7.13313,2.12779,3.30361,9.72111,4.76255,7.99986,480.0,0.21875,0.0583333333333333,0.0208333333333333,0.0229166666666666,0.4666666666666667,0.0541666666666666,0.0333333333333333,0.0520833333333333,0.0729166666666666,6.1,1.4,Secondary Ball Handler,Mobile Big,Secondary Ball Handler,Mobile Big
1629216,Gabe Vincent,Hawks,Guard,6-2,200.0,4.4,1.0,1.4,0.5,0.1,0.5,16.6,0.352,0.341,0.87,,53.0,,,,,,,-1.71434,-1.1289,-2.5777,13.3626,4.14509,,1.56017,2.10768,1.00843,1.43985,1.21413,1.11917,9.75019,93.0,0.2150537634408602,,,,0.5591397849462365,0.1182795698924731,0.1075268817204301,,,1.3,0.2,,Point of Attack,Secondary Ball Handler,Point of Attack
202066,Garrett Temple,,,,,,,,,,,,,,,,,,,,,,,-3.49627,-2.28436,-2.7289,12.8306,4.76309,,1.99051,4.42119,1.73712,1.9526,3.34611,2.14724,6.68805,,,,,,,,,,,0.2,0.0,,,Stationary Shooter,Chaser
1629726,Garrison Mathews,,Guard,6-5,215.0,5.2,1.1,0.7,0.4,0.2,0.2,13.1,0.404,0.37,0.826,,15.0,,,,,,,-2.03005,,-1.7173,18.3658,3.00573,,1.40475,4.11887,,1.43427,5.1119,1.13593,11.5344,,,,,,,,,,,0.9,0.1,,Chaser,Stationary Shooter,Chaser
203914,Gary Harris,Bucks,Guard,6-4,210.0,2.7,1.3,1.1,0.6,0.2,0.4,13.8,0.442,0.412,0.889,,48.0,,,,,,,-3.20946,-1.61394,-3.3226,9.979,3.42743,,1.89423,3.13888,1.19197,1.22819,1.4025,1.52323,6.03757,70.0,,,,,0.8428571428571429,,0.1571428571428571,,,1.0,0.4,,Wing Stopper,Off Screen Shooter,Wing Stopper
1627780,Gary Payton II,Warriors,Guard,6-2,195.0,7.5,3.6,1.7,0.9,0.3,0.8,15.6,0.583,0.291,0.65,,73.0,,,,,,,1.00979,,,23.1771,4.53345,,2.82914,6.46602,3.72802,2.18421,9.57419,2.79793,4.66135,332.0,,,,0.1415662650602409,0.3283132530120481,,,0.3885542168674699,0.1415662650602409,0.9,3.8,Athletic Finisher,Point of Attack,Athletic Finisher,Point of Attack
1629018,Gary Trent Jr.,Bucks,Guard,6-5,204.0,8.1,1.0,1.2,0.5,0.0,0.6,21.2,0.387,0.36,0.769,,65.0,,,,,,,-1.49335,-1.23766,-1.9502,23.0669,2.59335,,1.65156,2.34077,,1.44326,9.67558,5.20424,13.8893,392.0,0.1377551020408163,0.0357142857142857,,0.0306122448979591,0.5663265306122449,0.0994897959183673,0.1301020408163265,,,1.4,0.1,Off Screen Shooter,Wing Stopper,Off Screen Shooter,Wing Stopper
203507,Giannis Antetokounmpo,Bucks,Forward,6-11,243.0,27.6,9.8,5.4,0.9,0.7,3.2,28.9,0.624,0.333,0.65,,36.0,,,,,,,5.54807,1.14762,6.6957,43.9282,9.17205,1.08699,1.47758,12.3329,4.01561,4.83566,18.2607,6.51734,2.18555,565.0,0.1238938053097345,0.1716814159292035,0.2778761061946903,0.079646017699115,0.0991150442477876,,,0.1203539823008849,0.127433628318584,10.1,6.9,Primary Ball Handler,Mobile Big,Athletic Finisher,Mobile Big
1629048,Goga Bitadze,Magic,Center-Forward,6-11,250.0,5.9,5.0,1.3,0.6,1.0,0.7,15.2,0.676,0.182,0.711,,64.0,,,,,,,,,,17.546,3.8112,3.18719,1.66911,8.71414,6.5265,2.20883,9.17941,1.20539,6.6756,215.0,,,0.0604651162790697,0.2046511627906976,,,,0.386046511627907,0.3488372093023256,0.1,4.5,Roll & Cut Big,Mobile Big,Roll & Cut Big,Mobile Big
1641711,Gradey Dick,Raptors,Guard-Forward,6-7,200.0,6.0,1.9,0.7,0.6,0.1,0.6,14.0,0.419,0.301,0.875,,76.0,,,,,,,-1.72453,,-2.2606,22.1962,2.34364,,1.69297,4.73681,1.75826,2.05678,5.83738,4.47726,7.58148,285.0,0.0491228070175438,,,0.0526315789473684,0.5543859649122806,0.1543859649122807,0.0526315789473684,0.0736842105263157,0.0631578947368421,1.6,0.8,,Chaser,Athletic Finisher,Chaser
1641761,Grant Nelson,,,,,,,,,,,,,,,,,,,,,,,-3.03152,,-2.6363,17.1029,2.92697,2.95674,1.14101,8.15703,3.87475,2.70066,7.86284,2.93162,1.9278,,,,,,,,,,,1.5,3.8,,,Athletic Finisher,Helper
1629684,Grant Williams,Hornets,Forward,6-7,236.0,7.0,3.9,1.6,0.5,0.5,0.9,19.8,0.426,0.388,0.815,,36.0,,,,,,,,,,17.0206,3.58287,1.09884,1.23649,6.28644,2.58701,2.24623,2.06646,2.1201,8.97468,142.0,,,,0.1901408450704225,0.7183098591549296,,,0.0915492957746478,,1.0,1.5,Movement Shooter,Mobile Big,Movement Shooter,Mobile Big
1628960,Grayson Allen,Suns,Guard,6-3,198.0,16.5,3.0,3.8,1.4,0.3,1.6,28.8,0.403,0.349,0.857,,51.0,,,,,,,2.71222,1.09431,2.1341,29.6028,6.08201,,1.84973,4.17628,1.24865,2.55558,3.33805,3.32531,15.3429,641.0,0.3634945397815912,0.0608424336973478,,0.0436817472698908,0.360374414976599,0.0826833073322932,0.0889235569422776,,,10.4,0.6,Primary Ball Handler,Chaser,Primary Ball Handler,Chaser
1627824,Guerschon Yabusele,Bulls,Forward,6-7,265.0,5.6,3.5,0.9,0.4,0.2,0.6,15.0,0.401,0.352,0.75,,67.0,,,,,,,,-1.0114,-1.498,18.5659,3.1089,,1.40537,7.91861,2.79866,1.94871,3.9185,1.9518,8.97053,153.0,,,0.0915032679738562,0.4509803921568627,0.3790849673202614,,,0.0784313725490196,,1.4,1.4,Movement Shooter,Mobile Big,Movement Shooter,Mobile Big
1630611,Gui Santos,Warriors,Forward,6-7,185.0,9.2,3.9,2.3,0.9,0.3,1.5,20.5,0.5,0.351,0.725,,68.0,,,,,,,1.06931,,1.1629,24.0672,5.80737,,1.94071,6.42261,2.91669,3.42021,7.31534,2.76677,7.29544,477.0,0.0880503144654088,0.0754716981132075,0.0398322851153039,0.0377358490566037,0.4255765199161425,0.060796645702306,,0.2159329140461215,0.0566037735849056,4.4,2.7,,Low Activity,Stationary Shooter,Low Activity
203084,Harrison Barnes,Spurs,Forward,6-7,225.0,9.9,2.8,1.9,0.6,0.2,0.8,25.8,0.456,0.388,0.829,,77.0,,,,,,,,-1.3769,,16.667,2.89641,,1.10068,3.53587,1.9329,1.19353,2.8056,2.51294,7.71797,479.0,0.0480167014613778,0.0730688935281837,0.0271398747390396,0.0626304801670146,0.6012526096033403,0.0501043841336116,0.0626304801670146,0.0396659707724425,0.0354906054279749,3.5,0.8,Movement Shooter,Low Activity,Movement Shooter,Low Activity
1631127,Harrison Ingram,,,,,,,,,,,,,,,,,,,,,,,-3.6054,-1.20393,-4.8093,11.8577,3.39391,,1.41527,5.51561,3.0185,2.06775,4.50146,2.42452,2.66589,,,,,,,,,,,1.0,0.6,,,Athletic Finisher,Low Activity
1643060,Hayden Gray,,,,,,,,,,,,,,,,,,,,,,,-2.21967,,-2.9295,17.7586,4.74614,,1.50237,4.91879,2.0897,2.63369,4.89378,3.50113,7.41143,,,,,,,,,,,3.0,0.0,,,Stationary Shooter,Chaser
1629312,Haywood Highsmith,Suns,Forward,6-5,220.0,5.4,1.9,1.0,0.6,0.0,0.0,13.0,0.522,0.571,0.857,,7.0,,,,,,,-2.03232,,-1.7947,13.9824,3.34497,,1.92266,5.30925,2.43955,1.35609,2.81998,1.34072,8.13224,,,,,,,,,,,1.6,0.9,,Wing Stopper,Stationary Shooter,Wing Stopper
1630529,Herbert Jones,Pelicans,Forward,6-7,206.0,8.9,3.4,2.8,1.6,0.5,1.3,28.4,0.383,0.309,0.806,,56.0,,,,,,,,1.14739,,17.4709,4.93054,,2.48564,4.25975,1.38185,2.2664,3.95427,2.99741,8.57644,412.0,0.1504854368932038,0.0849514563106796,,0.0485436893203883,0.558252427184466,,0.0533980582524271,0.0533980582524271,0.0509708737864077,4.2,1.0,Movement Shooter,Wing Stopper,Athletic Finisher,Wing Stopper
1642864,Hugo González,Celtics,Guard,6-6,200.0,3.9,3.3,0.5,0.6,0.3,0.5,14.6,0.476,0.362,0.5,,74.0,,,,,,,,,,,,,,,,,,,,196.0,0.0663265306122449,,,,0.5561224489795918,,0.0663265306122449,0.1632653061224489,0.1479591836734693,1.0,1.2,Athletic Finisher,Wing Stopper,Athletic Finisher,Wing Stopper
1630621,Hunter Dickinson,Pelicans,Center,7-1,255.0,2.4,1.0,0.4,0.2,0.4,0.6,8.4,0.357,0.0,1.0,,5.0,,,,,,,-3.36235,-1.23899,-4.6013,16.7046,1.01066,2.27095,1.05015,7.72442,3.85297,2.40482,5.13525,4.47139,4.36931,,,,,,,,,,,0.0,1.4,,,Roll & Cut Big,Anchor Big
1642282,Hunter Sallis,,,,,,,,,,,,,,,,,,,,,,,-3.72801,-1.23899,-4.5634,14.4124,5.20359,,1.37795,4.5962,1.8116,3.33022,4.96079,3.38297,3.55533,,,,,,,,,,,1.6,0.0,,,Athletic Finisher,Low Activity
1641816,Hunter Tyson,,Forward,6-8,215.0,2.2,1.7,0.8,0.1,0.0,0.2,7.7,0.269,0.212,0.846,,21.0,,,,,,,-1.20565,-1.40758,-2.6132,19.2018,3.56389,,1.15472,7.49204,2.59185,1.58376,4.0983,1.75692,9.94448,,,,,,,,,,,1.3,0.3,,,Stationary Shooter,Low Activity
1630193,Immanuel Quickley,Raptors,Guard,6-2,190.0,16.4,4.0,5.9,1.3,0.1,1.5,31.9,0.443,0.374,0.821,,70.0,,,,,,,1.55412,,1.3597,23.425,8.62596,,1.76189,5.01304,,2.16833,2.60638,6.43516,9.79338,724.0,0.3024861878453038,0.0870165745856353,,0.0165745856353591,0.3674033149171271,0.0593922651933701,0.1132596685082873,0.0331491712707182,0.0207182320441988,10.3,0.8,Primary Ball Handler,Low Activity,Primary Ball Handler,Low Activity
1642403,Isaac Jones,Pistons,Forward,6-8,245.0,,,,,,,,,,,,,,,,,,,-2.51091,-1.11663,-3.6275,17.4862,1.80678,1.50491,1.0211,5.74881,3.63443,2.20494,8.49128,1.92603,1.93027,,,,,,,,,,,0.3,0.6,,,Athletic Finisher,Wing Stopper
1630171,Isaac Okoro,Bulls,Forward-Guard,6-4,225.0,9.3,2.7,1.6,0.7,0.5,0.7,26.9,0.46,0.33,0.795,,63.0,,,,,,,,-1.04125,-1.5548,16.7322,2.94384,,1.45786,3.07057,1.81796,1.37804,5.62217,2.78579,6.44296,366.0,0.0683060109289617,0.0491803278688524,0.0300546448087431,0.0573770491803278,0.5983606557377049,,,0.1202185792349726,0.0765027322404371,3.6,2.0,Athletic Finisher,Wing Stopper,Athletic Finisher,Wing Stopper
1642268,Isaiah Collier,Jazz,Guard,6-4,210.0,11.7,2.5,7.2,1.1,0.3,2.5,25.7,0.495,0.27,0.722,,59.0,,,,,,,-1.33238,-2.33735,-3.6697,26.196,12.3009,,1.96717,4.14617,,4.56335,6.85705,9.91951,3.66617,464.0,0.4568965517241379,0.2435344827586207,,,0.209051724137931,,0.0474137931034482,0.043103448275862,,11.5,0.4,Shot Creator,Low Activity,Shot Creator,Low Activity
1642384,Isaiah Crawford,,,,,,,,,,,,,,,,,,,,,,,-2.93803,,-3.6119,14.8697,2.45438,1.52866,1.31801,5.97557,1.99828,1.98789,4.0954,2.0579,6.11029,,,,,,,,,,,0.5,0.4,,,Stationary Shooter,Chaser
1628392,Isaiah Hartenstein,Thunder,Center-Forward,7-0,250.0,9.2,9.4,3.5,1.0,0.8,1.7,24.2,0.622,0.0,0.61,,47.0,,,,,,,2.96174,2.03631,2.8911,16.7512,6.37004,1.55978,1.83983,11.8792,6.23248,3.04987,7.39429,3.48434,7.3571,302.0,,,0.0496688741721854,0.2748344370860927,0.0364238410596026,,,0.4602649006622517,0.1788079470198675,0.6,8.3,Roll & Cut Big,Anchor Big,Roll & Cut Big,Anchor Big
1630543,Isaiah Jackson,Clippers,Forward,6-8,205.0,6.7,5.3,0.9,0.7,0.9,1.1,16.5,0.637,0.0,0.648,,55.0,,,,,,,-1.05063,,-1.3661,19.0374,2.92312,3.08727,1.83167,9.1774,5.72093,2.60938,10.3405,1.34179,7.32539,153.0,,,0.1111111111111111,0.1568627450980392,0.065359477124183,,,0.3006535947712418,0.3660130718954248,0.7,4.9,Athletic Finisher,Mobile Big,Athletic Finisher,Mobile Big
1630198,Isaiah Joe,Thunder,Guard,6-4,165.0,11.1,2.5,1.3,0.7,0.2,0.6,21.2,0.455,0.423,0.894,,71.0,,,,,,,1.53269,1.00107,1.488,25.0731,2.79701,,1.52974,4.5982,1.13816,1.30139,1.90059,2.27657,15.0623,481.0,0.0478170478170478,,,0.079002079002079,0.4823284823284823,0.1101871101871102,0.1787941787941788,0.0748440748440748,0.027027027027027,2.3,0.5,Off Screen Shooter,Chaser,Off Screen Shooter,Chaser
1630587,Isaiah Livers,Suns,Forward,6-6,232.0,,,,,,,,,,,,,,,,,,,-2.889,-1.19133,-3.596,11.3653,2.50308,,1.43643,4.80769,1.8625,1.39669,2.332,1.59743,5.92745,,,,,,,,,,,0.4,0.8,,,Stationary Shooter,Low Activity
1641815,Isaiah Stevens,,,,,,,,,,,,,,,,,,,,,,,-2.70532,-1.01933,-3.7247,14.3169,8.25139,,2.17951,2.99681,,2.85826,3.48334,4.30879,4.22822,,,,,,,,,,,2.3,0.7,,,Stationary Shooter,Chaser
1630191,Isaiah Stewart,Pistons,Forward-Center,6-8,250.0,10.0,5.0,1.1,0.3,1.6,1.2,22.7,0.55,0.333,0.756,,58.0,,,,,,,-1.66889,-1.16656,-1.9801,19.0417,1.90326,3.11675,,6.94532,3.58478,2.34156,7.82744,1.76794,3.52319,390.0,,,0.1333333333333333,0.1871794871794871,0.2666666666666666,,,0.2512820512820513,0.1615384615384615,0.9,4.9,Versatile Big,Mobile Big,Roll & Cut Big,Mobile Big
1627826,Ivica Zubac,Pacers,Center,7-0,240.0,14.1,10.6,2.2,0.4,0.8,1.8,30.1,0.598,0.0,0.711,,48.0,,,,,,,,1.31254,,23.7237,3.47282,1.34095,,11.7782,5.57117,2.59676,9.83654,7.15794,7.18194,331.0,,,0.0634441087613293,0.3021148036253776,,,,0.3293051359516616,0.3051359516616314,0.7,10.9,Roll & Cut Big,Mobile Big,Roll & Cut Big,Mobile Big
1631120,JD Davison,,,,,,,,,,,,,,,,,,,,,,,-1.39608,,-1.6637,18.8927,7.74841,1.06602,1.63717,6.67178,1.19729,2.96577,3.50713,4.36328,7.41607,,,,,,,,,,,1.9,0.1,,,Stationary Shooter,Chaser
1629630,Ja Morant,Grizzlies,Guard,6-2,174.0,19.5,3.3,8.1,1.0,0.3,3.6,28.5,0.41,0.235,0.897,,20.0,,,,,,,1.95858,,1.9843,32.9953,12.2778,,1.71542,4.71234,,5.11415,7.60763,10.8971,6.70856,305.0,0.5540983606557377,0.1934426229508196,,,0.1508196721311475,,0.0688524590163934,0.0327868852459016,,15.7,0.9,Shot Creator,Chaser,Slasher,Low Activity
1642266,Ja'Kobe Walter,Raptors,Guard,6-4,180.0,7.5,2.6,1.2,1.0,0.2,0.5,20.5,0.446,0.409,0.789,,72.0,,,,,,,-1.40963,-1.74694,,17.8098,2.68396,,2.28477,4.50765,1.75314,1.26659,3.13536,1.26064,10.3528,326.0,0.0490797546012269,,,,0.6288343558282209,0.0552147239263803,0.0368098159509202,0.156441717791411,0.0736196319018405,1.2,1.4,Athletic Finisher,Wing Stopper,Athletic Finisher,Wing Stopper
1631095,Jabari Smith Jr.,Rockets,Forward,6-11,220.0,15.8,6.9,1.9,0.7,0.9,1.4,35.1,0.45,0.363,0.775,,77.0,,,,,,,,,,23.7362,2.42346,1.20156,1.04922,7.77025,1.99267,1.98864,3.49924,5.17082,10.5327,868.0,0.0622119815668202,0.0679723502304147,0.054147465437788,0.0668202764976958,0.5,0.0437788018433179,0.0483870967741935,0.0898617511520737,0.0668202764976958,3.3,2.4,Athletic Finisher,Low Activity,Athletic Finisher,Low Activity
1631133,Jabari Walker,76ers,Forward,6-7,237.0,4.3,3.0,0.5,0.4,0.2,0.4,11.9,0.455,0.337,0.735,,64.0,,,,,,,-1.47812,-1.31775,-2.1283,17.7276,1.9988,,1.49442,8.05134,4.14195,1.78143,6.54539,1.41698,6.17366,194.0,,,,0.0515463917525773,0.4639175257731959,,,0.1855670103092783,0.2989690721649484,0.8,2.0,Athletic Finisher,Wing Stopper,Athletic Finisher,Wing Stopper
1631210,Jacob Toppin,,,,,,,,,,,,,,,,,,,,,,,-2.1694,,-3.1551,17.206,3.47782,1.16891,1.15413,6.95516,3.06318,2.05695,6.12229,2.74228,5.35064,,,,,,,,,,,0.8,0.6,,,Athletic Finisher,Chaser
1630702,Jaden Hardy,Wizards,Guard,6-3,198.0,9.2,1.5,1.0,0.3,0.1,1.1,15.8,0.424,0.397,0.733,,57.0,,,,,,,,-1.54888,-2.3256,26.7387,3.35871,,1.17958,3.95813,,3.41076,3.71269,5.55273,13.7418,149.0,0.2550335570469799,0.0738255033557047,,,0.5838926174496645,,0.087248322147651,,,3.7,0.1,Secondary Ball Handler,Low Activity,Secondary Ball Handler,Low Activity
1631093,Jaden Ivey,,Guard,6-3,195.0,8.5,2.5,1.8,0.6,0.4,1.1,18.1,0.445,0.373,0.809,,37.0,,,,,,,-1.28071,-1.11326,-2.394,21.2788,5.28503,,1.53896,4.8103,1.91705,3.61571,4.9422,3.638,9.55555,163.0,0.1595092024539877,0.0858895705521472,,,0.5521472392638037,,0.0797546012269938,0.0613496932515337,0.0613496932515337,3.0,0.9,Movement Shooter,Chaser,Movement Shooter,Chaser
1630183,Jaden McDaniels,Timberwolves,Forward,6-9,185.0,14.8,4.2,2.7,1.1,1.0,1.8,31.7,0.515,0.412,0.835,,73.0,,,,,,,,1.07543,1.0633,25.7661,3.32877,1.28366,1.62299,4.95774,2.10215,2.55534,5.53564,9.50841,5.46753,651.0,0.1812596006144393,0.0445468509984639,,0.0199692780337941,0.4930875576036866,0.0629800307219662,0.0768049155145929,0.0675883256528417,0.053763440860215,6.3,1.6,Secondary Ball Handler,Wing Stopper,Secondary Ball Handler,Wing Stopper
1630256,Jae'Sean Tate,Rockets,Forward,6-4,230.0,2.8,1.6,0.5,0.2,0.1,0.3,8.8,0.514,0.313,0.636,,46.0,,,,,,,-2.45814,,-2.654,15.4267,3.05652,,1.76888,5.32289,3.88316,1.88373,5.9265,2.82033,4.04868,,,,,,,,,,,1.0,1.0,,,Athletic Finisher,Point of Attack
1642942,Jahmai Mashack,Grizzlies,Guard,6-4,203.0,6.2,2.6,2.2,1.2,0.5,1.6,21.7,0.395,0.253,0.543,,31.0,,,,,,,-4.08818,-1.50491,-5.5931,14.9142,4.69359,,2.31341,4.45802,1.68452,3.29557,5.49283,3.46301,4.44595,101.0,0.3762376237623762,0.1386138613861386,,0.1683168316831683,,,,0.1782178217821782,0.1386138613861386,5.2,1.7,Secondary Ball Handler,Low Activity,Secondary Ball Handler,Low Activity
1642443,Jahmir Young,Heat,Guard,6-0,185.0,1.8,0.3,0.6,0.1,0.0,0.2,4.1,0.4,0.333,1.0,,14.0,,,,,,,-2.03618,-1.26597,-3.3022,17.3793,6.92886,,1.4904,2.87792,1.18259,2.51674,5.22655,3.66609,5.9425,,,,,,,,,,,1.3,0.2,,,Stationary Shooter,Low Activity
1643141,Jahmyl Telfort,,,,,,,,,,,,,,,,,,,,,,,-3.10773,-1.4727,-3.7466,14.6921,2.97609,1.05824,1.31648,6.01492,2.54781,2.40814,3.97721,1.91998,6.53103,,,,,,,,,,,0.3,0.0,,,Stationary Shooter,Low Activity
1631170,Jaime Jaquez Jr.,Heat,Guard,6-6,225.0,15.4,5.0,4.7,0.7,0.3,2.0,28.3,0.507,0.317,0.769,,75.0,,,,,,,,,,26.4261,7.62415,,1.4106,5.56988,2.1507,3.16836,7.27556,7.96419,6.19153,711.0,0.0984528832630098,0.2320675105485232,0.0773558368495077,,0.4486638537271448,0.0154711673699015,,0.0759493670886076,0.0520393811533052,13.2,1.9,Shot Creator,Low Activity,Shot Creator,Low Activity
1631222,Jake LaRavia,Lakers,Forward,6-7,235.0,8.2,4.0,1.8,1.3,0.5,1.1,25.1,0.459,0.321,0.763,,82.0,,,,,,,-1.38365,,-1.5045,14.5182,3.03325,1.04016,2.22973,4.97409,2.87442,2.45247,4.67925,2.24993,4.29967,469.0,0.0405117270788912,0.0341151385927505,0.021321961620469,0.0597014925373134,0.5863539445628998,,0.0255863539445629,0.1236673773987206,0.1087420042643923,2.9,2.4,Athletic Finisher,Wing Stopper,Athletic Finisher,Wing Stopper
1627751,Jakob Poeltl,Raptors,Center,7-0,253.0,10.7,7.0,2.0,0.9,0.7,1.2,25.0,0.7,0.0,0.602,,46.0,,,,,,,,,,20.0559,3.93285,1.62757,1.68367,9.06112,4.76051,2.43783,9.22784,3.98118,9.68894,286.0,,,0.0349650349650349,0.2377622377622377,,,,0.5104895104895105,0.2167832167832167,0.5,7.5,Roll & Cut Big,Mobile Big,Roll & Cut Big,Anchor Big
1628973,Jalen Brunson,Knicks,Guard,6-2,190.0,26.0,3.3,6.8,0.8,0.1,2.4,35.0,0.467,0.369,0.841,,74.0,,,,,,,4.55546,-1.34756,3.2079,35.5699,9.19518,,1.12906,3.75157,,3.37055,6.31552,10.6514,9.1976,1387.0,0.4174477289113193,0.2018745493871665,0.0396539293439077,0.0093727469358327,0.1773612112472963,0.0447007930785868,0.080028839221341,0.0223503965392934,0.0072098053352559,14.8,0.5,Shot Creator,Low Activity,Shot Creator,Low Activity
1631105,Jalen Duren,Pistons,Center,6-10,250.0,19.5,10.5,2.0,0.8,0.8,1.9,28.2,0.65,0.0,0.747,,70.0,,,,,,,1.96351,,2.1215,25.8266,3.58101,1.55172,1.31405,10.1234,5.98553,3.24688,12.2409,3.14906,8.07052,861.0,0.0360046457607433,0.1080139372822299,0.1231126596980255,0.1939605110336817,0.0766550522648083,,,0.2543554006968641,0.2078977932636469,3.6,10.6,Roll & Cut Big,Mobile Big,Roll & Cut Big,Mobile Big
1630224,Jalen Green,Suns,Guard,6-4,186.0,17.8,3.6,2.8,1.1,0.3,2.3,25.9,0.422,0.313,0.747,,32.0,,,,,,,,,,32.6042,5.0511,,1.5284,6.10139,,3.85136,7.65284,8.49704,11.6228,518.0,0.4594594594594595,0.1853281853281853,,,0.2162162162162162,0.027027027027027,0.0868725868725868,0.025096525096525,,11.1,0.6,Shot Creator,Low Activity,Shot Creator,Low Activity
1630552,Jalen Johnson,Hawks,Forward,6-8,219.0,22.5,10.3,7.9,1.2,0.4,3.4,35.2,0.489,0.352,0.788,,72.0,,,,,,,1.87395,,1.4093,28.8358,8.55608,,1.66244,11.2341,1.70667,4.2041,7.22671,7.52983,7.00022,1176.0,0.3239795918367347,0.1079931972789115,0.0663265306122449,0.0467687074829932,0.1921768707482993,0.0365646258503401,0.0901360544217687,0.08078231292517,0.0552721088435374,13.2,2.8,Primary Ball Handler,Low Activity,Primary Ball Handler,Low Activity
1629618,Jalen Pickett,Nuggets,Guard,6-2,202.0,5.2,2.3,2.3,0.3,0.1,0.7,16.1,0.422,0.386,0.789,,50.0,,,,,,,-1.3618,,-2.1186,15.7371,6.82579,,1.10689,5.37792,1.06308,1.95342,2.2875,4.13718,7.74978,203.0,0.2955665024630542,0.1034482758620689,,,0.4285714285714285,,0.0935960591133004,0.0788177339901477,,3.5,0.5,Primary Ball Handler,Low Activity,Primary Ball Handler,Low Activity
1641771,Jalen Slawson,Pacers,Forward,6-7,215.0,7.3,4.4,2.8,1.5,1.1,1.3,23.9,0.442,0.375,0.706,,13.0,,,,,,,-2.2535,-1.19737,-2.4929,15.1013,5.07798,1.87582,1.83302,7.74824,1.45336,2.74022,4.56836,1.8903,6.30135,52.0,,,,,0.8076923076923077,,,0.1923076923076923,,4.1,1.8,,Anchor Big,Movement Shooter,Anchor Big
1630188,Jalen Smith,Bulls,Forward-Center,6-8,244.0,10.2,6.7,1.2,0.5,0.8,1.0,20.7,0.483,0.373,0.742,,53.0,,,,,,,1.29415,,,21.4734,2.66879,1.72226,,10.9851,4.14861,2.13022,6.214,1.60199,8.95318,349.0,,,0.0286532951289398,0.2722063037249284,0.4126074498567335,0.0286532951289398,,0.1318051575931232,0.1260744985673352,1.2,3.7,Stretch Big,Mobile Big,Stretch Big,Mobile Big
1630591,Jalen Suggs,Magic,Guard,6-5,205.0,13.8,3.9,5.5,1.8,0.7,2.7,27.6,0.435,0.339,0.855,,57.0,,,,,,,,1.83663,1.0437,20.4967,7.78493,,2.65328,5.33,1.03937,4.25873,3.44543,3.66413,10.7595,538.0,0.3197026022304832,0.0929368029739776,,0.0297397769516728,0.3382899628252788,0.0576208178438661,0.1003717472118959,0.020446096654275,0.0408921933085501,7.1,0.9,Primary Ball Handler,Wing Stopper,Primary Ball Handler,Wing Stopper
1631114,Jalen Williams,Thunder,Guard-Forward,6-5,211.0,17.1,4.6,5.5,1.2,0.3,1.9,28.4,0.484,0.299,0.837,,33.0,,,,,,,1.87671,1.28466,3.1614,29.4573,8.67597,,2.00612,6.16218,1.47857,2.81455,8.70938,8.74167,4.37075,394.0,0.4568527918781725,0.1776649746192893,,,0.2106598984771573,,0.0609137055837563,0.0634517766497461,0.0304568527918781,14.0,1.5,Primary Ball Handler,Low Activity,Primary Ball Handler,Wing Stopper
1630592,Jalen Wilson,Nets,Forward,6-6,220.0,6.4,2.1,0.9,0.4,0.0,0.7,15.9,0.396,0.355,0.719,,54.0,,,,,,,-1.97976,-1.50627,-3.486,20.156,3.37237,,1.159,5.66239,1.27751,2.04494,4.37108,3.58143,8.3131,273.0,0.1501831501831501,0.1025641025641025,,0.0512820512820512,0.5970695970695971,,0.0549450549450549,0.0439560439560439,,4.1,0.4,Secondary Ball Handler,Low Activity,Secondary Ball Handler,Low Activity
1631288,Jamal Cain,Magic,Forward,6-7,191.0,5.4,2.0,0.7,0.3,0.1,0.5,12.2,0.487,0.384,0.848,,40.0,,,,,,,-1.3336,-1.09869,-1.7484,19.0674,2.30042,,1.65022,5.53691,2.71027,1.82522,4.82572,2.87795,6.38364,132.0,0.1515151515151515,,,,0.4848484848484848,,0.106060606060606,0.1212121212121212,0.1363636363636363,1.5,1.3,Athletic Finisher,Wing Stopper,Athletic Finisher,Wing Stopper
1627750,Jamal Murray,Nuggets,Guard,6-4,215.0,25.4,4.4,7.1,0.9,0.4,2.3,35.4,0.483,0.435,0.887,,75.0,,,,,,,4.08596,-1.44676,2.6392,33.1363,8.12543,,1.33453,5.08601,1.0,3.08865,4.8673,9.42892,10.0085,1337.0,0.4121166791323859,0.1667913238593867,0.0403889304412864,0.0097232610321615,0.0979805534779356,0.050112191473448,0.1697830964846671,0.0426327599102468,0.0104712041884816,12.0,1.0,Primary Ball Handler,Low Activity,Primary Ball Handler,Low Activity
1642347,Jamal Shead,Raptors,Guard,6-1,200.0,6.6,1.7,5.4,0.9,0.2,1.4,22.6,0.367,0.321,0.784,,82.0,,,,,,,-1.28462,1.3027,,14.2315,10.023,,1.97945,2.74141,,3.05888,2.31807,3.48142,7.22012,490.0,0.3877551020408163,0.0897959183673469,,,0.3979591836734694,,0.0530612244897959,0.0448979591836734,0.0265306122448979,6.3,0.5,Primary Ball Handler,Point of Attack,Primary Ball Handler,Point of Attack
1631123,Jamaree Bouyea,Suns,Guard,6-2,180.0,5.7,1.8,1.8,0.6,0.3,0.7,14.0,0.458,0.295,0.686,,46.0,,,,,,,-2.15355,,-1.7887,20.2065,6.31044,1.07677,2.07411,5.29741,1.42653,2.70414,5.36761,6.55014,5.73443,125.0,0.712,0.168,,,,,0.12,,,4.6,0.3,Primary Ball Handler,Helper,Primary Ball Handler,Helper
201935,James Harden,Cavaliers,Guard,6-5,220.0,23.6,4.8,8.0,1.1,0.4,3.5,34.8,0.434,0.375,0.884,,70.0,,,,,,,2.08845,,1.5372,26.7462,9.00829,,1.77387,5.80667,,5.10092,2.90081,6.73414,9.57899,410.0,0.3097560975609756,0.4414634146341463,0.0292682926829268,,0.1853658536585365,,0.0341463414634146,,,13.6,0.4,Shot Creator,Low Activity,Shot Creator,Low Activity
1630164,James Wiseman,,Center,6-11,240.0,,,,,,,,,,,,,,,,,,,-3.2121,-1.40024,-4.6123,18.135,2.46836,1.56223,,9.70851,4.45628,2.97859,8.41135,5.04695,7.72803,,,,,,,,,,,0.0,3.3,,,Roll & Cut Big,Mobile Big
1642364,Jamir Watkins,Wizards,Forward,6-6,210.0,7.4,3.9,1.3,1.1,0.5,0.8,20.6,0.446,0.297,0.695,,50.0,,,,,,,-1.26805,,,18.2706,3.40364,,2.3803,6.64096,2.24353,1.97466,5.27899,1.78419,7.67479,261.0,0.0996168582375478,,,0.1149425287356321,0.5019157088122606,0.0383141762452107,0.0421455938697318,0.0842911877394636,0.1187739463601532,2.0,1.3,Athletic Finisher,Wing Stopper,Athletic Finisher,Wing Stopper
1642419,Jamison Battle,Raptors,Forward,6-7,220.0,3.1,1.5,0.4,0.1,0.0,0.3,8.5,0.51,0.412,0.643,,61.0,,,,,,,-2.21642,-1.33431,-3.5507,16.2203,1.87976,,,5.99458,1.82783,1.37551,3.3074,2.41777,8.24387,,,,,,,,,,,0.5,0.8,,,Stationary Shooter,Low Activity
1641716,Jarace Walker,Pacers,Forward,6-7,235.0,11.6,5.1,2.5,0.8,0.3,1.8,25.7,0.419,0.374,0.749,,76.0,,,,,,,-2.18825,-1.06904,-3.2573,22.5085,5.47132,,1.68007,8.39144,1.17973,3.34125,5.05679,4.70745,8.71332,683.0,0.1947291361639824,0.0775988286969253,0.0175695461200585,0.027818448023426,0.4568081991215227,0.0409956076134699,0.0761346998535871,0.0746705710102489,0.0336749633967789,5.5,1.1,Primary Ball Handler,Low Activity,Primary Ball Handler,Low Activity
1642272,Jared McCain,Thunder,Guard,6-3,195.0,8.3,2.0,1.3,0.5,0.1,0.8,17.3,0.425,0.385,0.864,,67.0,,,,,,,-1.02272,-1.25779,-1.6062,25.5468,2.92166,,1.32824,4.23334,1.22285,2.10627,4.54272,5.34153,11.992,187.0,0.1925133689839572,0.0588235294117647,,,0.3957219251336898,0.0802139037433155,0.2727272727272727,,,4.4,0.2,Secondary Ball Handler,Low Activity,Secondary Ball Handler,Low Activity
1628991,Jaren Jackson Jr.,Jazz,Forward-Center,6-10,242.0,19.4,5.7,2.0,1.1,1.4,2.2,30.3,0.476,0.357,0.803,,48.0,,,,,,,,1.27273,1.2701,31.6714,3.25861,2.04029,1.80618,7.5103,1.52338,3.30095,5.46914,11.4635,8.58287,499.0,0.0400801603206412,0.1863727454909819,0.0200400801603206,0.156312625250501,0.4308617234468938,0.0300601202404809,0.0240480961923847,0.0480961923847695,0.064128256513026,7.8,2.6,Slasher,Mobile Big,Stretch Big,Mobile Big
1629020,Jarred Vanderbilt,Lakers,Forward,6-8,214.0,4.4,4.5,1.3,0.8,0.3,0.9,17.4,0.471,0.293,0.589,,65.0,,,,,,,-1.8899,-1.11948,-1.8477,14.0217,3.40568,,2.39694,9.45601,3.63558,2.17092,5.91286,1.01746,4.92279,212.0,,,,,0.5566037735849056,,,0.2783018867924528,0.1650943396226415,1.0,2.3,Athletic Finisher,Wing Stopper,Athletic Finisher,Wing Stopper
1628386,Jarrett Allen,Cavaliers,Center,6-9,243.0,15.4,8.5,1.8,1.0,0.8,1.3,27.1,0.638,0.1,0.709,,56.0,,,,,,,2.56578,1.59745,4.1632,26.1734,2.13331,1.87761,1.62848,9.35077,4.82645,2.15976,9.50653,5.16882,10.7034,560.0,,0.0339285714285714,0.0928571428571428,0.2857142857142857,0.0553571428571428,,,0.4017857142857143,0.1303571428571428,1.6,9.3,Roll & Cut Big,Mobile Big,Roll & Cut Big,Anchor Big
1642859,Jase Richardson,Magic,Guard,6-1,180.0,4.4,1.2,1.1,0.4,0.0,0.5,10.9,0.473,0.354,0.717,,54.0,,,,,,,-1.95716,,-2.7811,18.3955,4.59526,,1.63129,3.69234,1.67971,1.99786,4.41685,4.19062,6.42536,134.0,0.3208955223880597,,,,0.5298507462686567,,0.1492537313432835,,,2.5,0.4,Secondary Ball Handler,Low Activity,Secondary Ball Handler,Low Activity
1642914,Javon Small,Grizzlies,Guard,6-1,190.0,9.7,3.1,3.7,0.8,0.2,1.4,20.2,0.465,0.423,0.829,,41.0,,,,,,,-1.52157,1.4005,,20.4412,8.36314,,1.84688,5.25129,2.0497,3.05411,3.99838,3.73034,7.87918,252.0,0.5079365079365079,0.0793650793650793,,,0.3293650793650793,,,,0.0833333333333333,4.9,0.8,Primary Ball Handler,Low Activity,Primary Ball Handler,Low Activity
1631451,Javonte Cooke,,,,,,,,,,,,,,,,,,,,,,,-2.25194,,-3.1563,20.6525,3.63068,,1.63451,6.29957,2.18999,3.06876,4.74372,3.76831,10.3583,,,,,,,,,,,0.8,0.3,,,Stationary Shooter,Chaser
1629750,Javonte Green,Pistons,Guard,6-5,205.0,6.9,2.8,0.7,1.2,0.3,0.5,17.6,0.447,0.381,0.84,,82.0,,,,,,,-1.18704,1.81973,,16.7929,1.44712,,2.78988,6.08607,2.04097,1.3103,3.20885,1.12745,9.44263,324.0,,,,0.0524691358024691,0.6481481481481481,,0.0308641975308641,0.1851851851851851,0.0833333333333333,0.6,1.5,Athletic Finisher,Wing Stopper,Athletic Finisher,Wing Stopper
1629637,Jaxson Hayes,Lakers,Center-Forward,7-0,220.0,7.5,4.1,0.9,0.4,0.8,0.5,18.3,0.756,1.0,0.653,,66.0,,,,,,,-1.00023,-1.41523,,18.5126,2.12423,2.03935,1.32633,6.86685,3.84982,1.63435,8.52993,1.18986,11.5098,252.0,,,,0.3174603174603174,,,,0.4722222222222222,0.2103174603174603,0.3,5.7,Roll & Cut Big,Mobile Big,Roll & Cut Big,Mobile Big
1630643,Jay Huff,Pacers,Center,7-1,240.0,9.5,4.0,1.5,0.5,1.9,0.9,21.0,0.476,0.319,0.828,,82.0,,,,,,,-2.13885,,-1.1664,23.433,3.74848,3.51188,1.14415,7.10148,1.85331,2.16246,5.62096,2.25431,9.74344,547.0,,,0.0621572212065813,0.2778793418647166,0.4643510054844607,0.0585009140767824,,0.0822669104204753,0.0548446069469835,2.1,2.8,Stretch Big,Mobile Big,Stretch Big,Mobile Big
1627759,Jaylen Brown,Celtics,Guard-Forward,6-6,223.0,28.7,6.9,5.1,1.0,0.4,3.6,34.4,0.477,0.347,0.795,,71.0,,,,,,,1.56868,,1.3356,38.2358,6.13358,,1.50872,7.37858,1.75989,5.11166,7.91626,12.4573,7.78964,1508.0,0.2924403183023872,0.2612732095490716,0.0603448275862069,0.01657824933687,0.1777188328912466,0.0915119363395225,0.0616710875331565,0.0185676392572944,0.019893899204244,19.1,1.4,Shot Creator,Point of Attack,Shot Creator,Wing Stopper
1641740,Jaylen Clark,Timberwolves,Guard,6-5,205.0,4.0,1.8,0.6,0.7,0.1,0.3,13.1,0.434,0.327,0.657,,68.0,,,,,,,-1.78079,-1.61107,-1.3385,15.0093,2.32121,,2.55237,3.36074,2.64772,1.04724,3.96169,2.75196,5.90389,184.0,0.0978260869565217,,,,0.6521739130434783,,,0.0869565217391304,0.1630434782608695,1.4,1.0,Athletic Finisher,Wing Stopper,Athletic Finisher,Wing Stopper
1642377,Jaylen Wells,Grizzlies,Forward,6-7,,12.5,3.2,1.6,0.9,0.1,1.1,26.4,0.431,0.353,0.784,,69.0,,,,,,,,,,23.6378,2.82325,,1.45933,4.00162,1.61408,1.95546,4.09221,4.91894,10.3005,593.0,0.1888701517706576,0.0337268128161888,,0.0354131534569983,0.521079258010118,0.0590219224283305,0.0455311973018549,0.0640809443507588,0.0522765598650927,4.3,1.3,Secondary Ball Handler,Wing Stopper,Secondary Ball Handler,Wing Stopper
1631119,Jaylin Williams,Thunder,Forward,6-9,240.0,7.2,5.5,2.4,0.5,0.6,1.0,19.6,0.423,0.383,0.793,,65.0,,,,,,,-1.43987,1.95245,,15.9913,5.30747,1.44457,1.39763,12.1136,1.47355,2.19219,2.06636,1.59874,9.27217,296.0,,,,0.2804054054054054,0.6182432432432432,,,0.1013513513513513,,1.1,1.1,Movement Shooter,Mobile Big,Movement Shooter,Mobile Big
1642281,Jaylon Tyson,Cavaliers,Guard-Forward,6-6,215.0,13.2,5.1,2.2,0.8,0.4,1.5,26.9,0.493,0.446,0.738,,66.0,,,,,,,,,,21.87,4.33491,,1.38785,6.31376,3.07292,2.69204,5.56918,4.07985,8.63376,584.0,0.1044520547945205,0.0222602739726027,,0.1352739726027397,0.4674657534246575,0.0205479452054794,0.0428082191780821,0.1215753424657534,0.0856164383561643,3.7,3.0,Movement Shooter,Wing Stopper,Movement Shooter,Wing Stopper
1643257,Jayson Kent,,,,,,,,,,,,,,,,,,,,,,,-2.44744,-1.53573,-2.978,17.6954,2.14734,1.49118,1.30212,7.01914,2.9922,2.24262,5.8978,2.04011,7.23457,,,,,,,,,,,0.0,0.4,,,Stationary Shooter,Low Activity
1628369,Jayson Tatum,Celtics,Forward-Guard,6-8,210.0,21.8,10.0,5.3,1.4,0.2,2.4,32.6,0.411,0.329,0.823,,16.0,,,,,,,3.4588,,4.3942,32.9387,8.38644,,1.66631,13.05,1.07677,3.6995,6.77112,5.40604,12.3641,293.0,0.4061433447098976,0.2798634812286689,0.0648464163822525,0.0443686006825938,0.1399317406143344,0.0648464163822525,,,,10.9,1.3,Shot Creator,Low Activity,Shot Creator,Low Activity
201145,Jeff Green,Rockets,Forward,6-8,235.0,2.2,0.8,0.3,0.1,0.1,0.1,5.8,0.368,0.273,1.0,,30.0,,,,,,,-1.83286,-1.69675,-3.5296,18.7919,2.28196,,,5.14966,1.69209,1.30971,3.0489,3.08917,9.8559,,,,,,,,,,,0.1,0.4,,Low Activity,Stationary Shooter,Low Activity
203924,Jerami Grant,Trail Blazers,Forward,6-7,213.0,18.6,3.5,2.1,0.7,0.6,2.1,29.7,0.453,0.389,0.814,,57.0,,,,,,,-1.73787,-1.07238,-1.3925,25.7202,2.26894,,1.25663,3.76113,1.35972,2.91533,6.35322,3.38958,9.48784,739.0,0.189445196211096,0.1028416779431664,0.0311231393775372,0.0243572395128552,0.4533152909336941,0.0703653585926928,0.0581867388362652,0.0419485791610284,0.0284167794316644,10.1,1.1,Secondary Ball Handler,Wing Stopper,Secondary Ball Handler,Wing Stopper
1642847,Jeremiah Fears,Pelicans,Guard,6-3,190.0,14.3,3.7,3.4,1.2,0.4,2.2,25.8,0.434,0.33,0.789,,82.0,,,,,,,,-1.15158,-1.0153,28.9345,6.92735,,2.15229,5.21453,1.28967,3.8785,9.53308,5.61928,8.79297,832.0,0.4519230769230769,0.1117788461538461,,,0.2872596153846153,0.0228365384615384,0.063701923076923,0.0240384615384615,0.0384615384615384,10.0,1.0,Primary Ball Handler,Helper,Primary Ball Handler,Low Activity
1630526,Jeremiah Robinson-Earl,,Forward,6-9,240.0,4.6,4.7,0.7,0.4,0.0,0.5,16.4,0.37,0.244,0.944,,22.0,,,,,,,-1.68658,-1.49189,-3.1785,16.0103,2.84406,,1.46767,8.34555,4.25735,1.7788,5.45458,1.90719,6.18695,17.0,,,,,,,,,1.0,1.2,1.8,,Low Activity,Athletic Finisher,Low Activity
1631110,Jeremy Sochan,Knicks,Forward,6-8,230.0,3.6,2.4,0.9,0.4,0.2,0.5,10.7,0.496,0.244,0.731,,44.0,,,,,,,-2.21717,,-2.962,16.9485,3.84729,,1.6161,7.54297,4.02467,2.38163,8.08733,1.3637,4.66216,62.0,,,,0.2096774193548387,0.4838709677419355,,,0.3064516129032258,,1.0,2.2,,Mobile Big,Athletic Finisher,Mobile Big
1630579,Jericho Sims,Bucks,Center,6-10,250.0,5.0,5.5,1.6,0.3,0.3,1.1,19.7,0.784,0.0,0.62,,67.0,,,,,,,-2.59031,-2.1323,-3.1122,13.5502,4.6195,,,8.56014,5.61806,2.59205,6.51851,1.05597,2.57957,196.0,,,,0.4336734693877551,,,,0.3826530612244898,0.1836734693877551,0.5,4.8,Roll & Cut Big,Mobile Big,Roll & Cut Big,Mobile Big
1641724,Jett Howard,Magic,Guard,6-8,215.0,5.5,1.6,0.8,0.2,0.2,0.3,12.6,0.418,0.372,0.949,,55.0,,,,,,,-1.6126,-1.39202,-3.0046,19.7965,2.81219,,,4.17522,1.51007,1.62075,4.08173,3.34475,9.66077,194.0,0.1649484536082474,0.056701030927835,,,0.5515463917525774,0.0773195876288659,0.0824742268041237,0.0670103092783505,,2.1,0.3,Secondary Ball Handler,Low Activity,Secondary Ball Handler,Low Activity
1628975,Jevon Carter,Magic,Guard,6-0,190.0,6.4,1.7,1.6,0.8,0.2,0.7,16.4,0.401,0.363,0.789,,53.0,,,,,,,-1.84017,-1.27426,-2.6665,16.8394,4.74678,,1.92567,4.04672,,1.72258,1.35993,4.35654,10.2288,90.0,0.2111111111111111,0.1333333333333333,,,0.5,,0.1555555555555555,,,2.5,0.2,,Low Activity,Secondary Ball Handler,Low Activity
202710,Jimmy Butler III,Warriors,Forward,6-6,230.0,20.0,5.6,4.9,1.4,0.2,1.6,31.1,0.519,0.376,0.864,,38.0,,,,,,,3.26176,1.25735,4.5191,29.9156,7.43752,,2.17221,4.90577,3.458,2.25175,8.83885,6.64413,4.04487,461.0,0.1691973969631236,0.227765726681128,0.0780911062906724,0.0347071583514099,0.1800433839479392,0.0303687635574837,0.0216919739696312,0.1561822125813449,0.1019522776572668,11.3,6.5,Shot Creator,Wing Stopper,Slasher,Wing Stopper
1642866,Joan Beringer,Timberwolves,Forward,6-11,230.0,3.9,2.3,0.3,0.2,0.7,0.3,7.9,0.663,0.0,0.703,,40.0,,,,,,,-2.04247,-2.2154,-2.6315,21.8701,1.50626,3.43,1.16345,7.418,6.46614,1.94716,12.717,1.18236,9.27036,,,,,,,,,,,0.2,3.1,,Anchor Big,Athletic Finisher,Anchor Big
1629111,Jock Landale,Hawks,Center,6-11,255.0,10.6,5.7,1.7,0.5,0.5,0.9,22.1,0.515,0.383,0.635,,68.0,,,,,,,,-1.47814,,20.8024,3.81059,1.19159,1.16723,6.29816,5.40912,1.75364,6.97784,3.17883,6.46217,244.0,,,0.081967213114754,0.1270491803278688,0.2459016393442623,,,0.2377049180327868,0.3073770491803279,0.3,7.2,Stretch Big,Anchor Big,Stretch Big,Anchor Big
204060,Joe Ingles,Timberwolves,Forward-Guard,6-8,220.0,1.5,0.7,1.3,0.3,0.1,0.5,5.7,0.593,0.438,1.0,,27.0,,,,,,,-2.1497,-1.31118,-3.4609,10.1768,8.31579,,1.65357,5.13782,,2.77692,1.76111,1.18332,5.87399,,,,,,,,,,,1.0,0.0,,Anchor Big,Stationary Shooter,Anchor Big
203954,Joel Embiid,76ers,Center-Forward,7-0,270.0,26.9,7.7,3.9,0.6,1.2,2.9,31.6,0.489,0.333,0.854,,38.0,,,,,,,3.67134,1.59745,4.3434,39.8512,6.55609,1.68536,1.15572,9.25805,2.76659,4.20188,6.96007,13.9735,6.42917,826.0,,0.1585956416464891,0.2530266343825665,0.2372881355932203,0.1549636803874092,0.0181598062953995,0.0242130750605326,0.0811138014527845,0.072639225181598,5.6,3.8,Versatile Big,Mobile Big,Post Scorer,Anchor Big
1628381,John Collins,Clippers,Forward-Center,6-9,226.0,13.6,5.3,1.0,0.9,0.7,1.4,27.1,0.552,0.406,0.766,,69.0,,,,,,,,,,25.5467,2.12449,1.25555,1.41836,7.19993,3.18395,2.66904,6.94944,6.0045,5.79764,581.0,0.0206540447504302,0.0378657487091222,0.1514629948364888,0.0912220309810671,0.3907056798623063,,0.027538726333907,0.1411359724612736,0.1394148020654044,2.5,3.7,Versatile Big,Mobile Big,Versatile Big,Mobile Big
1629723,John Konchar,Jazz,Guard,6-5,210.0,4.4,4.3,2.1,1.5,0.7,0.6,19.9,0.472,0.283,0.727,,56.0,,,,,,,-2.19715,,-1.681,11.3377,5.34212,1.3818,2.66908,7.07661,3.09951,1.44902,3.55756,1.10644,4.00993,39.0,,,,,1.0,,,,,1.2,1.9,,Point of Attack,Stationary Shooter,Point of Attack
1642967,John Poulakidas,Mavericks,Guard,6-6,205.0,8.8,2.3,0.8,0.5,0.3,0.3,19.5,0.429,0.403,0.857,,13.0,,,,,,,-1.57319,,-1.9711,17.3983,1.77424,,1.364,5.39397,1.30542,1.51402,1.16105,2.22274,12.8847,28.0,,,,,,0.6071428571428571,0.3928571428571428,,,1.0,0.3,,Low Activity,Off Screen Shooter,Low Activity
1642910,John Tonje,,,,,,,,,,,,,,,,,,,,,,,-2.0748,,-2.7985,16.4976,4.05813,,1.45201,5.10723,2.15581,2.18857,4.0139,2.27683,7.57397,,,,,,,,,,,0.3,0.2,,,Stationary Shooter,Chaser
1641780,Johni Broome,,,,,,,,,,,,,,,,,,,,,,,-1.97716,-1.7076,-3.6848,20.2913,2.53904,1.54479,1.34234,7.14937,4.50996,2.27937,7.52307,4.48075,5.1264,,,,,,,,,,,0.2,1.2,,,Athletic Finisher,Chaser
1642277,Johnny Furphy,Pacers,Guard,6-8,200.0,5.1,4.4,1.2,0.6,0.2,0.8,18.4,0.47,0.324,0.486,,35.0,,,,,,,-2.03005,,-1.7236,13.4552,3.37142,,1.66668,8.42512,2.43792,1.9684,5.1119,,5.27235,112.0,,,,0.1071428571428571,0.5982142857142857,,,0.1875,0.1071428571428571,1.8,1.9,Athletic Finisher,Chaser,Athletic Finisher,Chaser
1630548,Johnny Juzang,,Guard,6-7,226.0,,,,,,,,,,,,,,,,,,,-1.68017,-1.63584,-2.3433,22.059,2.69217,,1.34383,5.42443,1.72067,1.43449,2.93598,3.93349,11.6859,,,,,,,,,,,0.5,0.2,,,Stationary Shooter,Low Activity
202685,Jonas Valančiūnas,Nuggets,Center,6-11,265.0,8.7,5.1,1.2,0.2,0.6,1.1,13.4,0.582,0.308,0.772,,65.0,,,,,,,,,,,,,,,,,,,,452.0,,0.0331858407079646,0.3053097345132743,0.2588495575221239,0.0508849557522123,,,0.1592920353982301,0.1924778761061946,0.6,4.0,Post Scorer,Mobile Big,Post Scorer,Mobile Big
1628371,Jonathan Isaac,Magic,Forward,6-10,230.0,2.6,2.5,0.4,0.4,0.6,0.3,10.0,0.422,0.184,0.603,,52.0,,,,,,,-2.62455,1.87017,,13.8999,2.07958,2.99582,2.32704,8.27515,4.40453,1.56393,5.10688,1.92932,3.44936,108.0,,,,0.1388888888888889,0.4074074074074074,,,0.2314814814814814,0.2222222222222222,0.3,1.8,Athletic Finisher,Mobile Big,Athletic Finisher,Mobile Big
1630228,Jonathan Kuminga,Hawks,Forward,6-7,225.0,12.2,5.6,2.3,0.6,0.3,1.9,23.1,0.463,0.333,0.724,,36.0,,,,,,,-1.36139,-1.47347,,26.1642,3.60241,,1.43205,7.52152,2.48583,3.05628,7.33408,5.48922,7.28424,161.0,0.1428571428571428,0.2111801242236025,0.062111801242236,,0.3043478260869565,,,0.1614906832298136,0.1180124223602484,6.2,2.2,,Wing Stopper,Shot Creator,Wing Stopper
1642367,Jonathan Mogbo,Raptors,Forward,6-9,225.0,,,,,,,,,,,,,,,,,,,-3.77013,-1.43867,-3.8135,13.0559,5.22033,1.26829,2.03096,8.36079,3.72704,2.49644,6.76653,2.6609,1.55747,,,,,,,,,,,0.4,1.2,,,Athletic Finisher,Wing Stopper
203903,Jordan Clarkson,Knicks,Guard,6-5,194.0,8.6,1.8,1.3,0.4,0.1,0.9,17.8,0.451,0.327,0.83,,72.0,,,,,,,-2.15355,,-1.7814,23.329,3.8395,,1.20451,2.84438,2.51832,2.79843,6.46644,6.82888,5.10104,408.0,0.1838235294117647,0.0661764705882353,,0.0245098039215686,0.4558823529411764,,0.1004901960784313,0.0955882352941176,0.0735294117647058,4.3,1.3,Secondary Ball Handler,Low Activity,Secondary Ball Handler,Low Activity
1630692,Jordan Goodwin,Suns,Guard,6-3,215.0,8.7,4.9,2.2,1.5,0.2,1.0,22.5,0.413,0.371,0.696,,70.0,,,,,,,1.06931,1.8931,1.1658,17.0753,3.98813,,2.85748,6.43703,4.08074,2.10493,4.19821,2.11324,9.54078,457.0,0.1400437636761488,0.0262582056892779,,0.0503282275711159,0.5579868708971554,,0.024070021881838,0.0284463894967177,0.1728665207877461,3.0,1.9,Athletic Finisher,Point of Attack,Athletic Finisher,Point of Attack
1641722,Jordan Hawkins,Pelicans,Guard,6-5,190.0,5.1,1.7,0.8,0.3,0.2,0.7,13.6,0.366,0.348,0.852,,51.0,,,,,,,-2.85455,-2.04147,-4.896,18.6509,2.81809,,1.04284,4.80575,1.21107,2.23185,2.57284,5.52753,9.13217,203.0,0.1822660098522167,0.0689655172413793,,,0.4285714285714285,0.1379310344827586,0.1822660098522167,,,1.4,0.4,Secondary Ball Handler,Chaser,Secondary Ball Handler,Chaser
1629162,Jordan McLaughlin,Spurs,Guard,5-11,185.0,2.0,0.7,0.9,0.5,0.0,0.3,6.4,0.418,0.425,0.857,,44.0,,,,,,,-2.23041,,-2.7802,13.2871,7.24456,,2.60303,3.97029,1.18105,1.91322,3.13114,2.14982,6.2288,,,,,,,,,,,1.2,0.1,,Helper,Stationary Shooter,Helper
1641757,Jordan Miller,Clippers,Guard,6-5,194.0,10.0,3.0,2.3,0.8,0.2,1.1,22.1,0.531,0.345,0.777,,60.0,,,,,,,,,-1.4516,21.1915,5.29443,,1.74055,4.70456,1.85623,2.26723,7.25047,3.19311,3.95496,408.0,0.2377450980392156,0.1495098039215686,,,0.3480392156862745,,0.0686274509803921,0.1225490196078431,0.0735294117647058,6.7,1.4,Primary Ball Handler,Low Activity,Primary Ball Handler,Low Activity
1629673,Jordan Poole,Pelicans,Guard,6-4,194.0,13.4,2.0,3.1,0.6,0.4,1.8,23.9,0.372,0.333,0.86,,39.0,,,,,,,,-1.54082,-1.5506,27.4526,6.11976,,1.55198,3.76839,,3.69778,4.58514,3.0543,14.3845,394.0,0.3934010152284264,0.1065989847715736,,,0.2385786802030456,0.0761421319796954,0.1852791878172588,,,6.0,0.2,Primary Ball Handler,Chaser,Secondary Ball Handler,Low Activity
1641775,Jordan Walsh,Celtics,Guard,6-6,205.0,5.4,4.0,0.8,0.7,0.5,0.5,17.8,0.509,0.384,0.772,,68.0,,,,,,,-1.11218,2.46023,,14.201,2.3961,1.23079,1.9438,7.4836,3.35431,1.36723,4.51259,1.4011,6.01597,218.0,,,,0.0596330275229357,0.6100917431192661,,,0.1376146788990825,0.1926605504587156,1.3,1.7,Athletic Finisher,Wing Stopper,Athletic Finisher,Wing Stopper
1630631,Jose Alvarado,Knicks,Guard,6-0,179.0,7.4,2.5,3.4,1.0,0.1,1.1,19.9,0.416,0.352,0.761,,69.0,,,,,,,,,,19.7176,9.04825,,2.5517,5.1004,,2.6943,3.72519,4.08922,9.91248,210.0,0.3047619047619048,0.0809523809523809,,,0.4571428571428571,0.0476190476190476,0.0619047619047619,0.0476190476190476,,4.5,0.3,Primary Ball Handler,Point of Attack,Primary Ball Handler,Point of Attack
1630581,Josh Giddey,Bulls,Guard,6-7,214.0,17.0,8.3,9.1,1.0,0.5,3.6,32.1,0.448,0.364,0.763,,54.0,,,,,,,-1.05569,1.16863,,21.8632,13.6152,,1.56497,9.78249,1.93541,5.00267,5.05157,4.57135,8.07133,714.0,0.5238095238095238,0.0742296918767507,,,0.2549019607843137,0.0140056022408963,0.0644257703081232,0.0476190476190476,0.0210084033613445,15.2,1.7,Primary Ball Handler,Low Activity,Primary Ball Handler,Low Activity
1630182,Josh Green,Hornets,Guard,6-6,200.0,4.3,1.8,0.8,0.6,0.1,0.6,15.7,0.459,0.42,0.893,,58.0,,,,,,,-1.92907,-1.07238,-1.3694,12.1344,2.38126,,1.85862,3.15988,2.0803,1.82213,1.99451,3.38958,7.32539,138.0,,,,,1.0,,,,,1.4,0.5,,Wing Stopper,Stationary Shooter,Wing Stopper
1628404,Josh Hart,Knicks,Guard,6-5,215.0,12.0,7.4,4.8,1.1,0.3,1.9,30.2,0.508,0.413,0.72,,66.0,,,,,,,,,,17.0956,6.08019,,1.83843,10.0867,1.98814,2.95419,5.05905,2.53329,5.99519,479.0,0.1440501043841336,0.0271398747390396,,0.0876826722338204,0.5782881002087683,,0.0396659707724425,0.0897703549060542,0.0334029227557411,4.9,2.2,Movement Shooter,Wing Stopper,Movement Shooter,Wing Stopper
1631169,Josh Minott,Nets,Forward,6-8,205.0,7.4,3.2,0.9,0.9,0.5,0.9,17.0,0.5,0.418,0.787,,49.0,,,,,,,,,,21.7483,2.63209,1.58163,2.43619,6.16978,2.36445,2.40714,4.91206,1.67255,10.2284,125.0,0.112,,,,0.488,,0.12,0.136,0.144,1.9,1.4,Athletic Finisher,Mobile Big,Athletic Finisher,Mobile Big
1642490,Josh Oduro,Pelicans,Center,6-9,240.0,8.3,7.7,1.3,0.0,0.0,0.7,27.3,0.647,0.0,0.5,,3.0,,,,,,,-2.80706,-1.05981,-3.8669,15.8421,2.08596,1.08122,1.09718,7.14865,4.57957,2.00489,6.27328,3.74253,2.73926,,,,,,,,,,,1.0,6.3,,Helper,Roll & Cut Big,Helper
1629006,Josh Okogie,Rockets,Guard,6-4,213.0,4.5,2.6,0.9,0.8,0.2,0.5,17.4,0.425,0.385,0.594,,78.0,,,,,,,-1.764,1.05276,,13.1639,2.64911,,2.46177,4.52532,3.13589,1.55744,4.06754,1.34711,5.98638,222.0,,,,,0.6756756756756757,,,0.1441441441441441,0.1801801801801801,1.3,1.4,Athletic Finisher,Wing Stopper,Athletic Finisher,Wing Stopper
201950,Jrue Holiday,Trail Blazers,Guard,6-4,220.0,16.3,4.6,6.1,1.0,0.1,2.8,29.4,0.451,0.378,0.838,,53.0,,,,,,,1.00838,1.55897,2.5673,24.9655,8.50743,,1.60368,5.06598,2.08625,3.88387,4.27669,6.11606,10.739,693.0,0.3867243867243867,0.1616161616161616,0.0331890331890331,0.0245310245310245,0.2669552669552669,0.0158730158730158,0.0389610389610389,0.0505050505050505,0.0216450216450216,11.6,2.3,Primary Ball Handler,Wing Stopper,Primary Ball Handler,Wing Stopper
1630577,Julian Champagnie,Spurs,Forward,6-7,217.0,11.1,5.8,1.5,0.8,0.5,0.8,27.6,0.437,0.381,0.844,,82.0,,,,,,,1.26498,2.94212,1.7677,17.7838,2.59455,,1.49129,8.04315,1.58787,1.22307,2.91911,1.21837,10.0062,530.0,,,,0.0735849056603773,0.6075471698113207,0.1264150943396226,0.0792452830188679,0.0509433962264151,0.0622641509433962,2.3,1.2,Off Screen Shooter,Low Activity,Off Screen Shooter,Low Activity
1641763,Julian Phillips,Timberwolves,Forward,6-6,201.0,2.9,1.0,0.2,0.5,0.1,0.2,8.9,0.421,0.308,0.783,,48.0,,,,,,,-2.32395,-1.16259,-3.1188,15.8207,1.2127,,1.83744,3.60207,2.51777,1.09517,4.61516,1.84894,6.88215,,,,,,,,,,,0.6,0.9,,Low Activity,Stationary Shooter,Low Activity
1642882,Julian Reese,Wizards,Forward,6-9,230.0,11.8,10.5,1.8,1.4,0.6,2.5,30.9,0.529,0.0,0.636,,13.0,,,,,,,-1.69887,-1.0788,-2.7777,18.635,3.09104,1.00317,1.60042,9.34582,6.15072,3.48542,9.26837,4.9996,4.55454,15.0,,,1.0,,,,,,,1.8,9.9,,Mobile Big,Roll & Cut Big,Mobile Big
1631124,Julian Strawther,Nuggets,Guard,6-6,205.0,7.2,2.0,1.1,0.4,0.1,0.6,15.1,0.467,0.387,0.814,,57.0,,,,,,,-1.39214,-1.01892,-2.4111,22.1301,2.98377,,1.41408,5.23136,,1.98008,4.73396,4.8001,8.56584,266.0,0.1954887218045112,0.0413533834586466,,,0.4436090225563909,0.056390977443609,0.2105263157894736,0.0526315789473684,,3.3,0.3,Secondary Ball Handler,Chaser,Secondary Ball Handler,Chaser
203944,Julius Randle,Timberwolves,Forward-Center,6-9,250.0,21.1,6.7,5.0,1.1,0.2,2.7,33.0,0.481,0.315,0.802,,79.0,,,,,,,1.00663,,,28.3023,4.86133,,1.28844,6.72397,2.85303,4.28582,7.37136,7.89642,5.38305,1243.0,0.1190667739340305,0.2107803700724054,0.1255028157683025,0.080450522928399,0.2679002413515687,0.0370072405470635,0.0289621882542236,0.0643604183427192,0.0659694288012872,10.3,3.1,Shot Creator,Mobile Big,Shot Creator,Low Activity
1630551,Justin Champagnie,Wizards,Guard-Forward,6-6,206.0,8.7,5.6,1.2,0.9,0.6,0.7,20.0,0.502,0.319,0.784,,69.0,,,,,,,,,,22.7801,3.02552,1.35269,2.01481,7.89487,4.53328,1.69695,8.96446,2.30051,5.76605,392.0,0.0841836734693877,0.0255102040816326,,0.1122448979591836,0.298469387755102,0.0408163265306122,0.0510204081632653,0.1658163265306122,0.221938775510204,1.8,3.1,Athletic Finisher,Helper,Athletic Finisher,Helper
1642348,Justin Edwards,76ers,Forward,6-7,217.0,6.0,1.5,1.3,0.8,0.2,0.6,15.3,0.447,0.372,0.846,,64.0,,,,,,,-1.4511,-1.1289,-2.58,18.2617,3.26029,,2.18008,3.83167,1.54849,1.90047,4.10928,3.74115,7.99142,223.0,0.1569506726457399,,,,0.7309417040358744,,0.0627802690582959,,0.0493273542600896,2.2,0.6,Movement Shooter,Wing Stopper,Movement Shooter,Wing Stopper
203994,Jusuf Nurkić,Jazz,Center,6-11,290.0,10.9,10.4,4.8,1.3,0.5,2.5,26.4,0.503,0.352,0.549,,41.0,,,,,,,,,,,,,,,,,,,,366.0,,,0.1448087431693989,0.2786885245901639,0.1666666666666666,,,0.2240437158469945,0.1857923497267759,1.0,5.9,Versatile Big,Mobile Big,Versatile Big,Mobile Big
1642354,KJ Simpson,Nuggets,Guard,6-2,189.0,,,,,,,,,,,,,,,,,,,-2.61649,,-2.6624,18.6714,6.76556,,2.21917,4.78952,2.15865,3.54312,5.08558,4.98284,7.32069,79.0,0.4936708860759494,,,,0.5063291139240507,,,,,3.3,0.5,,,Secondary Ball Handler,Point of Attack
1642955,Kadary Richmond,,Guard,6-6,205.0,8.3,3.3,2.7,2.7,0.3,0.7,22.3,0.625,0.5,1.0,,3.0,,,,,,,-2.71908,,-2.7886,15.8723,4.56466,1.12173,1.48217,6.13575,2.31574,2.36776,5.77997,3.15667,4.13765,,,,,,,,,,,3.7,1.3,,Helper,Stationary Shooter,Helper
1642880,Kam Jones,Pacers,Guard,6-4,200.0,4.4,1.6,3.2,0.5,0.0,1.0,16.6,0.402,0.293,0.5,,37.0,,,,,,,-2.23659,-1.40059,-3.6372,13.5055,9.54964,,1.46391,3.8409,1.14407,2.7332,3.67188,3.56193,5.78497,145.0,0.4689655172413793,,,,0.4482758620689655,,0.0827586206896551,,,5.2,0.6,Primary Ball Handler,Low Activity,Primary Ball Handler,Low Activity
1626157,Karl-Anthony Towns,Knicks,Center-Forward,7-0,248.0,20.1,11.9,3.0,0.9,0.5,2.5,31.0,0.501,0.368,0.858,,75.0,,,,,,,3.26781,1.81907,4.0934,27.9323,7.82923,1.14126,1.37917,13.5849,4.83594,4.08542,9.78464,3.56079,5.33597,1026.0,0.0282651072124756,0.1208576998050682,0.1520467836257309,0.1725146198830409,0.2270955165692007,0.0282651072124756,0.0194931773879142,0.0779727095516569,0.1734892787524366,6.7,5.0,Versatile Big,Mobile Big,Versatile Big,Mobile Big
1631255,Karlo Matković,Pelicans,Forward-Center,6-10,231.0,5.7,3.7,0.8,0.4,0.9,0.5,14.7,0.604,0.422,0.732,,62.0,,,,,,,,,,,,,,,,,,,,188.0,,,,0.2340425531914893,0.3776595744680851,,,0.175531914893617,0.2127659574468085,0.5,2.5,Stretch Big,Mobile Big,Stretch Big,Mobile Big
1642857,Kasparas Jakučionis,Heat,Guard,6-5,200.0,6.2,2.6,2.6,0.6,0.1,0.9,17.8,0.429,0.423,0.879,,53.0,,,,,,,,,,,,,,,,,,,,208.0,0.1009615384615384,0.1057692307692307,,,0.7163461538461539,,,,0.0769230769230769,3.0,0.8,Secondary Ball Handler,Low Activity,Secondary Ball Handler,Low Activity
202695,Kawhi Leonard,Clippers,Forward,6-6,225.0,27.9,6.4,3.6,1.9,0.4,2.0,32.1,0.505,0.387,0.892,,65.0,,,,,,,6.17533,1.15785,7.3332,40.8,5.43437,,2.54292,8.06957,1.79119,3.05262,6.244,12.4192,10.3636,1179.0,0.3146734520780322,0.2298558100084817,0.0822731128074639,0.013570822731128,0.1475826972010178,0.0746395250212044,0.0593723494486853,0.0330788804071246,0.0449533502968617,10.3,1.9,Shot Creator,Helper,Shot Creator,Helper
1630811,Keaton Wallace,Hawks,Guard,6-3,185.0,3.5,1.1,1.8,0.5,0.1,0.5,10.1,0.398,0.373,0.667,,53.0,,,,,,,-1.74036,,-2.0386,17.8307,8.03114,,2.21146,4.53131,,2.56602,1.4896,5.68081,9.35889,152.0,0.3289473684210526,0.1052631578947368,,,0.4802631578947368,,0.0855263157894736,,,2.4,0.1,Primary Ball Handler,Helper,Primary Ball Handler,Helper
1631099,Keegan Murray,Kings,Forward,6-8,225.0,14.0,5.7,1.7,1.0,1.6,1.2,34.5,0.42,0.277,0.776,,23.0,,,,,,,,,,21.418,2.48981,1.82972,1.35939,6.04936,2.15601,1.49464,3.05114,8.31645,6.92088,235.0,0.1404255319148936,0.0595744680851063,,0.0680851063829787,0.3787234042553191,0.1914893617021276,0.0638297872340425,0.0468085106382978,0.051063829787234,5.6,1.9,Secondary Ball Handler,Mobile Big,Secondary Ball Handler,Mobile Big
1642276,Kel'el Ware,Heat,Center,7-0,230.0,11.1,9.0,0.7,0.8,1.1,0.8,22.1,0.53,0.395,0.74,,77.0,,,,,,,,,,22.598,2.21761,2.17886,1.58213,12.7502,5.2931,1.67417,8.51196,2.2371,7.56409,538.0,,,0.0743494423791821,0.0817843866171003,0.3438661710037174,,,0.2230483271375464,0.2769516728624535,0.6,5.8,Stretch Big,Mobile Big,Stretch Big,Mobile Big
1629640,Keldon Johnson,Spurs,Forward-Guard,6-6,220.0,13.2,5.4,1.4,0.6,0.1,0.9,23.3,0.519,0.363,0.794,,82.0,,,,,,,-1.30683,,-1.0091,25.5962,2.58795,,1.24262,6.80429,3.12565,1.90237,9.40806,3.4427,6.37478,664.0,0.0572289156626506,0.0542168674698795,0.0436746987951807,0.0301204819277108,0.4397590361445783,0.0496987951807228,0.1129518072289156,0.0843373493975903,0.1280120481927711,6.0,2.2,,Mobile Big,Slasher,Low Activity
203482,Kelly Olynyk,Spurs,Forward-Center,7-0,240.0,3.2,1.8,1.2,0.4,0.1,0.6,8.6,0.49,0.255,0.711,,42.0,,,,,,,-1.20977,-1.00149,-2.2113,18.7223,6.40013,,1.85212,7.44415,3.11593,3.63357,5.54692,2.11867,5.83805,,,,,,,,,,,1.3,1.1,,Anchor Big,Roll & Cut Big,Anchor Big
1626162,Kelly Oubre Jr.,76ers,Forward-Guard,6-8,210.0,14.1,5.0,1.6,1.4,0.5,1.4,31.5,0.467,0.36,0.766,,50.0,,,,,,,-1.76257,,-1.1553,19.5334,2.03077,,1.89598,6.64029,1.64547,1.93742,5.8456,3.28775,6.41013,478.0,0.1338912133891213,0.1506276150627615,,0.0251046025104602,0.4602510460251046,,0.0564853556485355,0.0815899581589958,0.0920502092050209,5.0,1.8,Secondary Ball Handler,Wing Stopper,Secondary Ball Handler,Wing Stopper
1631113,Kennedy Chandler,,Guard,6-0,170.0,15.0,3.4,6.7,1.0,0.2,2.1,32.3,0.445,0.395,0.651,,11.0,,,,,,,-1.39624,-1.27426,-2.6705,18.6128,9.14728,,1.64889,4.12896,1.1723,2.74231,6.84938,4.94633,3.86741,,,,,,,,,,,10.1,0.7,,Low Activity,Primary Ball Handler,Low Activity
1629026,Kenrich Williams,Thunder,Guard-Forward,6-7,210.0,6.5,3.3,1.4,0.6,0.1,0.8,15.3,0.473,0.388,0.635,,56.0,,,,,,,-1.08699,,-1.473,20.15,3.92049,,1.76707,7.23613,3.25199,1.90572,5.77027,3.77463,7.6516,252.0,0.123015873015873,0.119047619047619,,0.0634920634920634,0.4841269841269841,,,0.0952380952380952,0.115079365079365,2.5,1.7,Secondary Ball Handler,Mobile Big,Secondary Ball Handler,Mobile Big
203484,Kentavious Caldwell-Pope,Grizzlies,Guard,6-5,204.0,8.4,2.5,2.7,0.8,0.2,1.2,21.3,0.41,0.316,0.912,,51.0,,,,,,,-1.26097,1.05276,,20.5839,5.34452,,1.98997,4.44325,,2.17563,3.23095,5.88604,7.43998,296.0,0.2905405405405405,0.0472972972972973,,,0.4932432432432432,0.081081081081081,0.0878378378378378,,,3.0,0.4,Primary Ball Handler,Wing Stopper,Primary Ball Handler,Wing Stopper
1631165,Keon Ellis,Cavaliers,Guard,6-4,175.0,6.7,1.9,1.0,1.2,0.6,0.6,20.5,0.44,0.363,0.729,,72.0,,,,,,,-1.74339,,-1.743,15.2689,2.40623,1.35303,2.72814,3.70317,1.48966,1.39416,2.73085,1.60256,7.44456,124.0,0.1693548387096774,,,,0.8306451612903226,,,,,1.6,0.9,Movement Shooter,Wing Stopper,Movement Shooter,Wing Stopper
1642352,Keshad Johnson,Heat,Forward,6-6,225.0,4.3,1.9,0.3,0.5,0.3,0.4,8.8,0.49,0.295,0.724,,32.0,,,,,,,-1.75803,-1.01566,-1.9966,19.8496,1.42785,1.27377,1.89785,6.35426,3.77515,2.10793,8.04973,1.01958,6.09814,,,,,,,,,,,1.4,1.3,,Anchor Big,Athletic Finisher,Anchor Big
1642933,Keshon Gilbert,Hawks,Guard,6-4,200.0,4.3,1.3,3.0,0.8,1.0,2.0,18.5,0.417,0.0,1.0,,4.0,,,,,,,-4.41564,,-4.626,10.6611,3.75471,1.57945,1.52002,4.61382,2.25333,3.16031,3.68984,1.3795,3.57082,,,,,,,,,,,2.0,0.8,,Helper,Stationary Shooter,Helper
201142,Kevin Durant,Rockets,Forward,6-11,240.0,26.0,5.5,4.8,0.8,0.9,3.2,36.4,0.52,0.413,0.874,,78.0,,,,,,,2.96174,3.61047,2.823,31.5766,6.91367,1.25909,1.09392,6.61,5.96111,4.43319,2.4396,12.2979,7.3571,1432.0,0.217877094972067,0.2346368715083799,0.0775139664804469,0.0335195530726257,0.199022346368715,0.0837988826815642,0.1005586592178771,0.0356145251396648,0.0174581005586592,8.7,0.8,Shot Creator,Helper,Shot Creator,Helper
1628989,Kevin Huerter,Pistons,Guard-Forward,6-6,190.0,10.0,3.5,2.6,0.9,0.5,1.0,22.4,0.451,0.308,0.775,,69.0,,,,,,,,,,19.5934,5.67002,,1.86475,5.91824,1.02419,1.94485,4.50659,3.0993,9.17284,291.0,0.0721649484536082,,,0.0412371134020618,0.5601374570446735,0.0652920962199312,0.0927835051546391,0.120274914089347,0.0481099656357388,3.7,1.5,Off Screen Shooter,Low Activity,Off Screen Shooter,Low Activity
201567,Kevin Love,Jazz,Forward-Center,6-10,251.0,6.7,5.8,1.8,0.4,0.2,0.8,16.6,0.397,0.373,0.841,,37.0,,,,,,,,,,19.2168,4.96106,,1.17721,12.9428,3.53208,2.38162,3.3418,1.76818,10.7804,165.0,,,,0.1878787878787878,0.5212121212121212,,,0.0909090909090909,0.2,0.5,1.6,Stretch Big,Mobile Big,Stretch Big,Mobile Big
1641755,Kevin McCullar Jr.,Knicks,Guard,6-6,210.0,2.4,1.3,1.0,0.4,0.0,0.6,7.4,0.426,0.333,0.4,,21.0,,,,,,,-2.12422,,-2.6807,16.4717,4.96344,,1.67092,6.18359,2.92289,2.5462,4.58817,3.17335,6.50648,,,,,,,,,,,1.2,0.6,,Point of Attack,Stationary Shooter,Point of Attack
1629645,Kevin Porter Jr.,Bucks,Guard-Forward,6-5,203.0,17.4,5.2,7.4,2.2,0.5,2.9,33.2,0.465,0.322,0.878,,38.0,,,,,,,1.07465,,,25.0547,10.4004,,2.58093,6.56446,1.33923,3.97033,6.73274,8.6122,4.13852,567.0,0.5361552028218695,0.1269841269841269,0.0246913580246913,,0.1940035273368606,,0.0687830687830687,0.0229276895943562,0.0264550264550264,16.7,1.1,Primary Ball Handler,Wing Stopper,Primary Ball Handler,Low Activity
1626172,Kevon Looney,Pelicans,Forward,6-9,222.0,2.8,5.6,1.6,0.4,0.5,0.4,14.7,0.417,0.154,0.7,,21.0,,,,,,,-1.471,,-1.1405,11.1621,4.80704,1.47831,1.56174,11.2858,7.11017,1.51547,6.6048,1.61531,1.72131,50.0,,,,0.32,,,,0.2,0.48,0.2,3.0,,Anchor Big,Athletic Finisher,Anchor Big
1641718,Keyonte George,Jazz,Guard,6-4,185.0,23.6,3.7,6.1,1.1,0.3,3.1,33.1,0.456,0.371,0.892,,54.0,,,,,,,1.834,-2.70204,,34.2422,7.7357,,1.38688,4.47085,7.81,4.08944,6.06853,8.57922,9.9076,907.0,0.37045203969129,0.1697905181918412,,0.0176405733186328,0.1775082690187431,0.0749724366041896,0.1245865490628445,0.0650496141124586,,10.3,0.6,Primary Ball Handler,Wing Stopper,Primary Ball Handler,Low Activity
1642863,Khaman Maluach,Suns,Center,7-1,250.0,3.0,2.9,0.1,0.1,0.7,0.5,8.9,0.533,0.238,0.71,,46.0,,,,,,,-3.26758,-2.1484,-3.2728,16.5478,9.78757,3.28474,,9.83872,5.32123,2.68284,8.23737,1.70004,2.82753,,,,,,,,,,,0.1,2.4,,Mobile Big,Roll & Cut Big,Mobile Big
203114,Khris Middleton,Mavericks,Forward,6-7,222.0,10.2,3.7,2.8,0.7,0.1,1.7,22.8,0.42,0.36,0.875,,63.0,,,,,,,-1.23381,-1.09869,-1.7629,22.1074,5.34311,,1.50899,6.04369,1.48927,3.41795,1.7233,9.70367,6.59823,230.0,0.1956521739130435,0.1043478260869565,0.1652173913043478,,0.2565217391304348,0.1043478260869565,0.1,,0.0739130434782608,4.4,0.9,Primary Ball Handler,Low Activity,Primary Ball Handler,Low Activity
1630165,Killian Hayes,Kings,Guard,6-4,195.0,5.5,2.3,3.5,0.9,0.2,1.2,17.7,0.304,0.27,0.929,,23.0,,,,,,,-2.52463,,-2.4805,15.7066,9.79727,,2.06673,5.4008,,3.04415,1.81368,6.53692,6.8775,86.0,0.8837209302325582,0.1162790697674418,,,,,,,,4.2,0.3,,Wing Stopper,Primary Ball Handler,Wing Stopper
202691,Klay Thompson,Mavericks,Guard,6-5,220.0,11.7,2.1,1.4,0.5,0.3,0.9,21.7,0.393,0.383,0.766,,69.0,,,,,,,-1.00023,,,25.3851,3.10458,,1.0904,3.5532,,2.01243,1.79054,4.80594,15.6464,597.0,0.1072026800670016,0.0268006700167504,,0.0217755443886097,0.3182579564489112,0.3283082077051926,0.1574539363484087,0.0402010050251256,,2.1,0.5,Off Screen Shooter,Chaser,Movement Shooter,Chaser
1641738,Kobe Brown,Pacers,Forward,6-7,250.0,5.8,3.0,1.3,0.4,0.2,0.9,15.8,0.469,0.374,0.797,,61.0,,,,,,,-1.4464,-1.53573,-2.9821,16.3642,4.30538,,1.23573,5.99113,3.25327,2.33949,5.41154,1.42509,6.67696,79.0,0.240506329113924,,0.1265822784810126,0.1265822784810126,0.5063291139240507,,,,,2.2,1.6,,Low Activity,Secondary Ball Handler,Low Activity
1641723,Kobe Bufkin,,Guard,6-4,195.0,2.9,0.8,0.6,0.1,0.2,0.3,7.4,0.3,0.192,0.917,,16.0,,,,,,,-1.39972,,-1.9763,22.9774,5.24898,1.04096,1.42276,5.82326,1.40065,2.3524,4.41884,6.23749,8.76179,,,,,,,,,,,1.6,0.1,,,Stationary Shooter,Chaser
1642920,Kobe Sanders,Clippers,Guard,6-8,207.0,7.3,2.3,1.6,0.7,0.1,1.2,19.9,0.466,0.408,0.826,,68.0,,,,,,,-1.30683,,-1.0091,18.9752,4.01364,,1.76869,4.49648,1.04315,2.752,3.14625,4.00996,8.36703,355.0,0.1577464788732394,0.0619718309859154,,0.0535211267605633,0.5633802816901409,0.028169014084507,0.0450704225352112,0.0619718309859154,0.028169014084507,3.5,0.7,Secondary Ball Handler,Wing Stopper,Secondary Ball Handler,Wing Stopper
1642886,Koby Brea,Suns,Guard,6-5,215.0,3.8,0.7,0.8,0.1,0.0,0.3,7.0,0.417,0.433,1.0,,12.0,,,,,,,-1.66631,-1.63267,-1.5133,22.6226,4.95729,,1.29698,5.11885,1.75371,2.46646,3.20186,2.14541,15.4318,,,,,,,,,,,1.0,0.1,,Anchor Big,Stationary Shooter,Anchor Big
1642851,Kon Knueppel,Hornets,Guard-Forward,6-6,215.0,18.5,5.3,3.4,0.7,0.2,2.0,31.5,0.475,0.425,0.863,,81.0,,,,,,,2.69333,-1.44676,2.6577,27.8588,4.87557,,1.16929,6.44163,1.95564,2.90166,4.61504,4.62958,12.0147,971.0,0.2049433573635427,0.0164778578784757,,0.1163748712667353,0.3305870236869207,0.1153450051493305,0.1462409886714727,0.0278063851699279,0.0422245108135942,8.4,1.5,Off Screen Shooter,Low Activity,Off Screen Shooter,Low Activity
1627739,Kris Dunn,Clippers,Guard,6-3,205.0,7.3,3.3,3.6,1.6,0.2,1.4,27.2,0.476,0.374,0.765,,82.0,,,,,,,-1.52157,1.4005,,11.3756,6.70613,,2.89702,5.24253,1.25666,2.40095,3.08504,2.1322,4.57996,398.0,0.135678391959799,0.0728643216080402,,0.0603015075376884,0.5477386934673367,,0.0326633165829145,0.1130653266331658,0.0376884422110552,4.1,1.4,Movement Shooter,Point of Attack,Movement Shooter,Point of Attack
1631200,Kris Murray,Trail Blazers,Forward,6-8,218.0,5.8,3.6,1.4,0.9,0.4,0.8,23.4,0.467,0.279,0.684,,57.0,,,,,,,-2.84246,1.10039,-1.7421,11.3568,3.45746,,1.73263,4.41372,3.17557,1.83003,4.9112,1.60256,4.48825,208.0,,,,,0.6826923076923077,,,0.1442307692307692,0.173076923076923,3.1,2.4,Athletic Finisher,Wing Stopper,Athletic Finisher,Wing Stopper
204001,Kristaps Porziņģis,Warriors,Forward-Center,7-2,240.0,16.7,5.2,2.5,0.6,1.2,1.3,24.0,0.446,0.338,0.842,,32.0,,,,,,,,,,,,,,,,,,,,190.0,,0.0684210526315789,0.2473684210526315,0.1473684210526315,0.2263157894736842,0.131578947368421,,0.1,0.0789473684210526,1.9,4.7,Versatile Big,Anchor Big,Stretch Big,Anchor Big
203937,Kyle Anderson,Timberwolves,Forward-Guard,6-8,230.0,6.2,3.5,2.9,1.0,0.6,0.9,19.8,0.53,0.364,0.706,,43.0,,,,,,,-3.15675,,-2.4151,13.4929,7.11527,1.35518,2.09685,6.0548,2.32928,2.06349,3.85753,6.24913,1.16913,100.0,0.13,0.19,,0.1,0.26,,,0.21,0.11,4.4,1.8,,Mobile Big,Stationary Shooter,Mobile Big
1642271,Kyle Filipowski,Jazz,Center,6-11,250.0,11.4,7.2,2.6,0.9,0.5,1.6,23.4,0.492,0.325,0.75,,77.0,,,,,,,1.16572,-1.34582,,27.3035,5.98267,,1.82973,10.8544,3.62576,3.3309,8.26068,4.70414,7.34706,642.0,0.0623052959501557,0.0327102803738317,0.0685358255451713,0.1105919003115264,0.3785046728971962,0.0404984423676012,0.02803738317757,0.1417445482866043,0.1370716510903426,3.8,3.3,Stretch Big,Mobile Big,Stretch Big,Mobile Big
1628398,Kyle Kuzma,Bucks,Forward,6-8,221.0,13.0,4.5,2.7,0.7,0.4,1.7,26.2,0.492,0.347,0.726,,69.0,,,,,,,-1.78928,-1.0507,-2.84,22.6643,5.66569,,1.08529,6.58291,1.40978,3.3276,6.89217,3.93771,7.90204,578.0,0.1314878892733564,0.0588235294117647,0.0380622837370242,0.1089965397923875,0.4394463667820069,,0.0588235294117647,0.0951557093425605,0.0692041522491349,5.3,2.4,,Wing Stopper,Shot Creator,Wing Stopper
200768,Kyle Lowry,76ers,Guard,6-0,196.0,,,,,,,,,,,,,,,,,,,-2.35237,-1.17732,-2.8104,10.6019,6.12409,,1.88458,4.34043,,1.88583,8.20887,3.57606,7.27011,,,,,,,,,,,0.4,0.0,,,Athletic Finisher,Point of Attack
1642273,Kyshawn George,Wizards,Forward,6-8,200.0,14.8,5.1,4.5,1.0,0.9,2.6,29.0,0.438,0.381,0.802,,48.0,,,,,,,,,,25.658,6.8577,1.36399,1.73574,6.50118,1.39344,3.69681,4.31723,8.67803,9.37712,535.0,0.3869158878504672,0.0934579439252336,0.0598130841121495,0.0242990654205607,0.2355140186915887,0.0485981308411214,0.114018691588785,,0.0373831775700934,8.3,1.0,Primary Ball Handler,Mobile Big,Primary Ball Handler,Wing Stopper
1643018,LJ Cryer,,,,,,,,,,,,,,,,,,,,,,,,-1.33555,-1.4627,22.3983,3.27343,,1.21451,3.78531,,2.46479,1.03553,3.28102,15.2314,105.0,0.2285714285714285,,,,0.3809523809523809,0.1809523809523809,0.2095238095238095,,,2.1,0.3,,,Secondary Ball Handler,Low Activity
1630163,LaMelo Ball,Hornets,Guard,6-7,180.0,20.1,4.8,7.1,1.2,0.2,2.8,28.0,0.407,0.368,0.899,,72.0,,,,,,,5.97265,,5.1795,36.6281,11.5181,,2.02907,6.47904,1.58373,4.69683,4.95618,6.02952,20.0812,1216.0,0.4876644736842105,0.1291118421052631,,0.0131578947368421,0.2319078947368421,0.0304276315789473,0.0797697368421052,,0.0279605263157894,10.9,0.9,Primary Ball Handler,Low Activity,Primary Ball Handler,Low Activity
1642950,Lachlan Olbrich,Bulls,Center,6-8,236.0,2.4,3.0,1.1,0.3,0.2,0.4,9.3,0.468,0.105,0.375,,37.0,,,,,,,-1.79272,,-2.4983,14.4205,4.62329,1.19206,1.41845,8.16442,5.27137,2.22102,6.35821,1.40569,3.1473,,,,,,,,,,,0.6,2.0,,Mobile Big,Roll & Cut Big,Mobile Big
1629013,Landry Shamet,Knicks,Guard,6-5,190.0,9.3,1.8,1.4,0.6,0.2,0.6,23.0,0.437,0.392,0.711,,51.0,,,,,,,-1.5687,,-1.1093,17.3088,2.37928,,1.29523,2.68828,,1.40418,2.5719,1.89222,10.1402,302.0,0.0695364238410596,,,0.0529801324503311,0.6887417218543046,0.043046357615894,0.0894039735099337,0.0562913907284768,,2.4,0.8,Off Screen Shooter,Wing Stopper,Off Screen Shooter,Wing Stopper
1626204,Larry Nance Jr.,Cavaliers,Forward-Center,6-6,245.0,3.7,2.7,1.0,0.6,0.2,0.6,12.8,0.419,0.333,0.462,,35.0,,,,,,,-2.3338,,-2.8804,15.1875,3.48441,,2.13912,7.48557,3.23423,1.80664,4.7714,1.88412,6.46908,99.0,,,,0.1515151515151515,0.4242424242424242,,,0.3131313131313131,0.1111111111111111,0.4,2.0,,Mobile Big,Stretch Big,Mobile Big
1628374,Lauri Markkanen,Jazz,Forward-Center,7-1,240.0,26.7,6.9,2.1,1.0,0.5,1.5,34.4,0.477,0.355,0.896,,42.0,,,,,,,3.40206,,3.694,36.3645,2.98508,,1.27905,6.76973,2.57747,2.13648,9.02364,6.47848,10.3965,743.0,0.0390309555854643,0.0457604306864064,0.0767160161507402,0.1144010767160161,0.17092866756393,0.2409152086137281,0.0955585464333782,0.126514131897712,0.0901749663526245,5.9,5.2,Stretch Big,Wing Stopper,Stretch Big,Wing Stopper
1643133,Lawson Lovering,,Center,7-0,,7.0,7.5,1.5,1.5,0.5,1.0,24.5,0.6,0.0,0.4,,2.0,,,,,,,-3.38565,-1.88742,-3.2157,14.3455,3.35851,1.85718,1.20193,8.05988,4.70493,2.23721,6.55336,1.93854,2.80207,,,,,,,,,,,0.0,7.0,,Anchor Big,Roll & Cut Big,Anchor Big
2544,LeBron James,Lakers,Forward,6-9,250.0,20.9,6.1,7.2,1.2,0.6,3.0,33.2,0.515,0.317,0.737,,60.0,,,,,,,1.61771,,2.198,31.5422,10.5744,,1.74382,7.99878,1.00845,4.56701,8.53962,8.6598,6.35808,796.0,0.1721105527638191,0.1771356783919598,0.1972361809045226,0.0540201005025125,0.1633165829145728,0.0904522613065326,0.0138190954773869,0.0992462311557789,0.0326633165829145,6.9,3.5,Primary Ball Handler,Low Activity,Primary Ball Handler,Low Activity
1641778,Leaky Black,Wizards,Forward,6-6,209.0,7.1,5.0,1.5,1.2,0.5,0.9,28.9,0.388,0.345,0.875,,15.0,,,,,,,-2.5242,-1.53081,-4.055,12.4186,2.88734,1.08028,1.66643,6.57674,1.59988,1.52833,2.43925,3.22529,5.87164,57.0,0.1929824561403508,,,,0.8070175438596491,,,,,2.4,1.1,,Helper,Movement Shooter,Helper
1631159,Leonard Miller,Bulls,Forward,6-10,220.0,7.8,3.9,0.9,0.4,0.3,0.8,15.6,0.553,0.323,0.736,,46.0,,,,,,,,-1.17084,,22.6463,2.67289,,1.27851,8.38031,3.64026,2.08655,9.43159,1.10166,6.3903,25.0,0.48,,,,0.52,,,,,2.1,2.1,,Low Activity,Secondary Ball Handler,Low Activity
1642862,Liam McNeeley,Hornets,Forward,6-7,210.0,4.3,2.4,0.8,0.2,0.1,0.4,11.9,0.4,0.4,0.821,,31.0,,,,,,,-1.77615,-1.56145,-2.1566,17.2337,3.04118,,1.03921,7.87633,1.96245,1.76331,3.14326,2.03472,7.93746,50.0,,,,,1.0,,,,,1.8,0.4,,Chaser,Stationary Shooter,Chaser
1630322,Lindy Waters III,Spurs,Forward,6-5,210.0,,,,,,,,,,,,,,,,,,,-1.52003,-1.18979,-2.4225,16.9627,2.94727,,1.4425,5.22282,1.27607,1.05664,1.63677,1.24923,13.0629,,,,,,,,,,,0.5,0.1,,,Stationary Shooter,Low Activity
1628366,Lonzo Ball,,Guard,6-5,190.0,4.6,4.0,3.9,1.3,0.3,1.5,20.8,0.301,0.272,0.667,,35.0,,,,,,,-1.59941,1.29844,,12.6769,7.82448,,2.54247,6.80288,1.55117,2.92251,1.20834,1.72203,9.27454,133.0,0.2781954887218045,,,,0.6240601503759399,,0.0977443609022556,,,1.5,1.0,Primary Ball Handler,Wing Stopper,Primary Ball Handler,Wing Stopper
1631351,Lucas Williamson,,Guard,6-4,205.0,10.4,5.4,2.6,1.6,0.1,1.4,32.0,0.333,0.283,1.0,,7.0,,,,,,,-1.38645,-1.10826,-2.4947,16.161,3.61707,,1.60255,4.9955,2.46066,2.183,3.49319,1.15447,10.1771,,,,,,,,,,,3.7,1.7,,Low Activity,Stationary Shooter,Low Activity
1629652,Luguentz Dort,Thunder,Guard,6-4,220.0,8.3,3.6,1.2,0.9,0.4,0.8,26.8,0.385,0.344,0.759,,69.0,,,,,,,-1.02509,,,14.6683,2.21073,,1.64595,4.62886,1.45465,1.32851,1.71358,1.81329,9.82577,444.0,0.0427927927927927,0.0292792792792792,,0.054054054054054,0.7725225225225225,,0.027027027027027,0.045045045045045,0.0292792792792792,2.7,1.1,Movement Shooter,Wing Stopper,Movement Shooter,Wing Stopper
1629029,Luka Dončić,Lakers,Forward-Guard,6-8,230.0,33.5,7.7,8.3,1.6,0.5,4.0,35.8,0.476,0.366,0.78,,64.0,,,,,,,,,,,,,,,,,,,,1482.0,0.437246963562753,0.2118758434547908,0.0937921727395411,,0.1079622132253711,0.0843454790823211,0.0330634278002699,0.0168690958164642,0.0148448043184885,13.4,0.9,Shot Creator,Low Activity,Shot Creator,Low Activity
1630568,Luka Garza,Celtics,Center,6-10,243.0,8.1,4.1,1.0,0.4,0.4,0.7,16.2,0.577,0.433,0.769,,69.0,,,,,,,2.58805,-1.32993,1.2581,25.8673,2.85436,,1.14211,5.46664,6.66984,1.95393,7.66396,2.91382,7.00683,378.0,,,0.0449735449735449,0.2857142857142857,0.1851851851851851,,,0.2063492063492063,0.2777777777777778,0.3,4.3,Stretch Big,Mobile Big,Stretch Big,Mobile Big
1628379,Luke Kennard,Lakers,Guard,6-5,206.0,8.4,2.3,2.2,0.7,0.1,0.8,21.6,0.533,0.478,0.913,,78.0,,,,,,,-1.27793,-1.30763,-1.6339,17.3926,4.54018,,1.45394,4.68415,,1.84592,2.40817,4.55532,6.15743,171.0,0.1286549707602339,,,,0.5029239766081871,0.1871345029239766,0.0760233918128654,0.1052631578947368,,4.1,0.6,Off Screen Shooter,Chaser,Stationary Shooter,Chaser
1628436,Luke Kornet,Spurs,Center-Forward,7-1,250.0,6.5,6.1,1.9,0.5,1.0,0.4,21.0,0.643,0.0,0.825,,68.0,,,,,,,,1.20242,,15.0638,3.6378,2.24615,1.2189,7.72564,6.16087,1.01789,7.82573,1.38603,4.73192,265.0,,,,0.2377358490566037,,,,0.4075471698113208,0.3547169811320754,0.1,6.6,Roll & Cut Big,Anchor Big,Roll & Cut Big,Anchor Big
1631247,Luke Travers,,Forward,6-6,207.0,,,,,,,,,,,,,,,,,,,-1.90773,-1.1999,-3.1076,17.2565,4.11499,1.21059,1.56654,6.42057,3.81379,2.46255,6.39629,1.44098,6.50504,,,,,,,,,,,1.5,0.9,,,Stationary Shooter,Low Activity
1630644,Mac McClung,,,,,,,,,,,,,,,,,,,,,,,-1.23277,-1.18979,-2.4226,22.3544,5.4378,,1.95619,4.45048,1.27591,3.1295,6.76069,2.12371,9.80734,14.0,1.0,,,,,,,,,3.1,0.8,,,Secondary Ball Handler,Chaser
1641869,Malachi Smith,Nets,Guard,6-4,205.0,8.3,3.4,3.3,0.8,0.3,0.9,23.9,0.485,0.435,1.0,,15.0,,,,,,,-1.58817,-1.39106,-2.095,15.1846,6.43608,,1.64013,5.27582,1.66746,2.03457,3.93027,3.37267,6.29175,,,,,,,,,,,5.9,0.7,,Chaser,Stationary Shooter,Chaser
1631103,Malaki Branham,,Forward,6-4,180.0,,,,,,,,,,,,,,,,,,,-2.58297,-1.15723,-3.7402,21.4549,3.92459,,1.22699,4.84362,1.36574,2.84955,5.95799,3.77157,7.65191,,,,,,,,,,,2.6,0.4,,,Stationary Shooter,Low Activity
1642502,Malevy Leons,Warriors,Forward,6-9,210.0,3.3,2.1,0.9,0.6,0.4,0.5,11.0,0.444,0.25,0.789,,25.0,,,,,,,-1.98626,,-2.5999,15.8664,3.88255,1.31551,1.68806,5.00668,4.8743,2.24182,6.22592,3.45536,2.88642,12.0,,,,,,,,1.0,,1.5,2.1,,,Athletic Finisher,Wing Stopper
1628370,Malik Monk,Kings,Guard,6-3,200.0,12.5,1.9,3.0,0.6,0.4,1.5,22.0,0.438,0.395,0.879,,62.0,,,,,,,,-1.41523,,26.708,7.59761,,1.34131,3.84816,,3.44062,4.38241,6.02527,11.5098,562.0,0.3718861209964413,0.1174377224199288,,0.0338078291814946,0.295373665480427,0.0711743772241993,0.0871886120996441,0.0231316725978647,,6.5,0.5,Primary Ball Handler,Low Activity,Primary Ball Handler,Low Activity
1630699,MarJon Beauchamp,76ers,Forward,6-7,199.0,6.8,2.3,1.1,0.6,0.3,0.9,14.0,0.434,0.34,0.684,,14.0,,,,,,,-1.77151,,-2.2423,20.3317,2.9354,,1.40139,6.55094,2.15736,2.72334,4.66794,3.00273,9.20655,,,,,,,,,,,1.4,0.6,,,Stationary Shooter,Wing Stopper
1631204,Marcus Sasser,Pistons,Guard,6-1,195.0,5.2,1.0,2.0,0.5,0.1,0.8,12.0,0.39,0.415,0.833,,38.0,,,,,,,1.71773,-2.18805,,20.6798,7.17036,,1.92859,3.30452,,3.01694,3.35719,4.56967,9.96317,144.0,0.3819444444444444,0.0694444444444444,,,0.3472222222222222,0.0833333333333333,0.1180555555555555,,,1.8,0.1,Primary Ball Handler,Low Activity,Primary Ball Handler,Low Activity
203935,Marcus Smart,Lakers,Guard,6-3,220.0,9.3,2.8,3.0,1.4,0.4,1.5,28.5,0.395,0.331,0.822,,62.0,,,,,,,1.06774,2.11264,1.7285,17.5269,6.25944,,2.46772,3.68482,1.1213,3.08315,2.20962,4.26882,7.65189,430.0,0.1767441860465116,0.0674418604651162,0.0465116279069767,0.0767441860465116,0.5511627906976744,0.0255813953488372,,0.0232558139534883,0.0325581395348837,3.7,0.6,Movement Shooter,Point of Attack,Movement Shooter,Point of Attack
1641813,Mark Sears,,,,,,,,,,,,,,,,,,,,,,,-1.79589,,-1.8258,23.5409,6.21301,,1.61352,3.05286,,3.39149,3.78097,4.42862,12.0267,,,,,,,,,,,1.7,0.0,,,Stationary Shooter,Chaser
1631109,Mark Williams,Suns,Center,7-1,240.0,11.7,8.0,1.0,0.9,0.9,1.1,23.6,0.644,1.0,0.771,,60.0,,,,,,,-2.57388,2.0135,,22.8923,1.99193,1.92457,1.64194,10.1198,5.93599,2.33273,10.9328,3.82719,6.28585,392.0,,,0.0688775510204081,0.2678571428571428,,,,0.3494897959183674,0.3137755102040816,0.4,7.6,Roll & Cut Big,Anchor Big,Roll & Cut Big,Anchor Big
1628365,Markelle Fultz,,Guard,6-4,209.0,,,,,,,,,,,,,,,,,,,-4.55248,-1.39011,-4.8187,17.1092,6.5341,,2.26658,4.18262,2.38982,3.2303,5.82366,10.3668,1.59027,,,,,,,,,,,2.0,0.0,,,Secondary Ball Handler,Point of Attack
1628963,Marvin Bagley III,Mavericks,Forward,6-10,235.0,10.5,6.1,1.4,0.5,0.7,1.0,20.0,0.618,0.462,0.66,,60.0,,,,,,,,-1.29813,-1.7798,22.6219,3.04894,1.49828,1.12671,8.72452,5.61899,2.25476,10.29,3.11688,3.7093,43.0,,0.5813953488372093,0.4186046511627907,,,,,,,1.9,5.1,,Mobile Big,Athletic Finisher,Mobile Big
203486,Mason Plumlee,Spurs,Forward-Center,7-0,254.0,1.6,2.7,1.0,0.5,0.0,0.6,8.6,0.786,0.0,0.643,,20.0,,,,,,,-2.34787,-1.58374,-3.9316,9.6051,4.52606,1.34545,1.41482,11.6256,4.5215,2.30149,5.29967,3.16157,1.83149,,,,,,,,,,,0.2,1.9,,Mobile Big,Roll & Cut Big,Mobile Big
1641824,Matas Buzelis,Bulls,Forward,6-8,196.0,16.3,5.8,2.1,0.7,1.5,2.1,29.2,0.463,0.349,0.786,,77.0,,,,,,,,,,27.927,3.35136,2.23977,1.17208,8.37571,1.45409,3.38916,7.54982,2.13164,11.9603,846.0,0.3049645390070922,0.0472813238770685,,0.0354609929078014,0.4208037825059101,0.0295508274231678,0.0366430260047281,0.0827423167848699,0.0425531914893617,6.7,2.1,Secondary Ball Handler,Mobile Big,Secondary Ball Handler,Mobile Big
1629680,Matisse Thybulle,Trail Blazers,Guard-Forward,6-5,202.0,5.8,2.0,0.9,2.0,0.5,0.9,16.0,0.433,0.398,0.84,,30.0,,,,,,,-2.83124,2.46023,,14.6594,2.8317,1.49577,3.95908,4.4201,1.54236,1.79309,2.91021,1.4011,8.44307,87.0,,,,,1.0,,,,,2.2,0.4,,Wing Stopper,Stationary Shooter,Wing Stopper
1631108,Max Christie,Mavericks,Guard,6-5,190.0,12.3,3.2,2.0,0.6,0.4,1.2,29.2,0.441,0.404,0.899,,77.0,,,,,,,-1.34763,,-1.7155,19.0969,2.83629,,1.18125,4.76684,,2.19879,2.74461,2.57774,9.72259,580.0,0.2120689655172414,0.0741379310344827,,0.0568965517241379,0.4379310344827586,0.1034482758620689,0.0879310344827586,0.0275862068965517,,5.1,0.5,Secondary Ball Handler,Wing Stopper,Secondary Ball Handler,Wing Stopper
1642917,Max Shulga,Celtics,Guard,6-4,210.0,0.6,0.5,0.2,0.1,0.0,0.3,3.3,0.25,0.25,1.0,,11.0,,,,,,,-2.25598,,-2.9589,15.7349,3.42585,,1.37341,4.68928,2.59221,2.4686,3.44222,3.05815,7.09977,,,,,,,,,,,0.5,0.3,,Wing Stopper,Stationary Shooter,Wing Stopper
1629622,Max Strus,Cavaliers,Guard-Forward,6-5,215.0,11.2,5.4,2.0,0.3,0.0,0.8,24.0,0.443,0.402,0.778,,12.0,,,,,,,,,-1.4501,17.2378,3.86378,,1.13921,7.00041,2.18608,1.74427,3.11604,3.19311,10.9341,74.0,0.1486486486486486,,,,0.6486486486486487,0.2027027027027027,,,,2.8,0.7,,Wing Stopper,Off Screen Shooter,Chaser
1628467,Maxi Kleber,Lakers,Forward,6-10,240.0,2.0,2.0,0.6,0.4,0.3,0.4,10.7,0.452,0.231,0.538,,43.0,,,,,,,-2.98922,-1.12816,-4.1174,9.6894,3.02606,1.21637,1.07428,5.0579,2.6081,1.62018,3.14983,1.30394,3.13101,67.0,,,,0.2835820895522388,0.417910447761194,,,0.2985074626865671,,0.5,1.5,,Anchor Big,Athletic Finisher,Anchor Big
1642875,Maxime Raynaud,Kings,Center,7-1,250.0,12.5,7.5,1.4,0.5,0.5,1.3,26.5,0.571,0.324,0.786,,74.0,,,,,,,-2.18817,-2.28436,-2.733,24.3347,2.87565,,1.01096,10.2575,3.19195,2.44219,6.10309,9.30017,2.42758,677.0,,,0.1137370753323486,0.3293943870014771,0.1403249630723781,,,0.310192023633678,0.1063515509601181,1.1,7.4,Stretch Big,Mobile Big,Stretch Big,Mobile Big
1642877,Micah Peavy,Pelicans,Guard-Forward,6-7,215.0,4.3,1.9,1.0,0.7,0.1,0.3,15.0,0.385,0.259,0.759,,61.0,,,,,,,-2.46787,,-2.4187,14.2213,3.11205,,2.13042,3.91561,2.21044,1.11982,5.46431,2.68969,5.73881,180.0,,,,,0.6222222222222222,,0.0555555555555555,0.1722222222222222,0.15,2.2,1.3,Athletic Finisher,Wing Stopper,Athletic Finisher,Wing Stopper
1630695,Micah Potter,Pacers,Center,6-9,248.0,9.7,5.0,1.5,0.5,0.3,1.0,19.3,0.515,0.423,0.842,,47.0,,,,,,,-1.08699,-1.33555,-1.4662,22.1134,3.28254,,1.08878,8.7721,2.97199,2.18293,4.75696,2.46859,8.20404,157.0,,,0.1910828025477707,0.3949044585987261,,,,0.2292993630573248,0.1847133757961783,0.9,3.5,Post Scorer,Mobile Big,Post Scorer,Mobile Big
1629008,Michael Porter Jr.,Nets,Forward,6-10,218.0,24.2,7.1,3.0,1.1,0.3,2.3,32.5,0.463,0.363,0.859,,52.0,,,,,,,3.66796,-1.15176,2.5162,37.3608,4.3134,,1.35321,8.30666,2.05609,3.17295,7.33939,6.40847,14.2021,936.0,0.0587606837606837,0.0844017094017094,0.0331196581196581,0.0277777777777777,0.2542735042735042,0.1602564102564102,0.2083333333333333,0.1143162393162393,0.0587606837606837,5.4,3.5,Off Screen Shooter,Low Activity,Off Screen Shooter,Low Activity
1628969,Mikal Bridges,Knicks,Guard-Forward,6-6,209.0,14.4,3.8,3.7,1.3,0.8,1.0,32.8,0.49,0.371,0.827,,82.0,,,,,,,,1.83663,1.0474,20.1001,4.45218,,1.71419,3.83941,1.239,1.59233,4.98294,4.94524,6.06877,730.0,0.1013698630136986,0.0301369863013698,0.0342465753424657,0.0534246575342465,0.4958904109589041,0.0561643835616438,0.0863013698630137,0.1054794520547945,0.036986301369863,5.4,2.3,,Wing Stopper,Secondary Ball Handler,Wing Stopper
201144,Mike Conley,Timberwolves,Guard,6-1,175.0,4.5,1.7,2.9,0.6,0.3,0.6,18.4,0.335,0.337,0.9,,54.0,,,,,,,-1.64818,1.10895,,12.7518,7.58279,,1.87827,3.83607,,1.72309,4.55215,2.32817,8.00593,189.0,0.3121693121693121,,,,0.455026455026455,0.074074074074074,0.1587301587301587,,,2.6,0.2,Primary Ball Handler,Chaser,Primary Ball Handler,Chaser
1628970,Miles Bridges,Hornets,Forward,6-7,225.0,17.1,5.8,3.2,0.6,0.4,1.4,31.0,0.46,0.333,0.822,,77.0,,,,,,,,,,25.6806,4.57605,,1.06243,8.02261,1.61389,2.25823,7.06518,5.21707,8.03221,946.0,0.1723044397463002,0.1141649048625792,0.0887949260042283,0.0993657505285412,0.3668076109936575,0.014799154334038,0.062367864693446,0.047568710359408,0.0338266384778012,7.8,2.1,Secondary Ball Handler,Wing Stopper,Secondary Ball Handler,Wing Stopper
1642939,Miles Kelly,,Guard,6-4,190.0,3.1,1.7,0.9,0.3,0.1,0.4,9.6,0.364,0.303,1.0,,14.0,,,,,,,-1.8593,-1.0788,-2.7764,17.4791,4.49298,,1.47728,5.78587,1.8598,2.4926,2.76572,1.95907,11.2744,,,,,,,,,,,0.3,0.3,,Anchor Big,Stationary Shooter,Anchor Big
1630540,Miles McBride,Knicks,Guard,6-2,195.0,12.0,2.4,2.6,0.9,0.2,0.8,26.3,0.423,0.413,0.787,,41.0,,,,,,,,1.27273,1.2894,19.9277,3.93414,,1.69529,3.21436,1.06412,1.37082,1.92482,3.69083,12.1229,305.0,0.2295081967213114,0.0622950819672131,,,0.5049180327868853,0.0459016393442622,0.1573770491803278,,,3.3,0.7,Secondary Ball Handler,Point of Attack,Secondary Ball Handler,Point of Attack
1629011,Mitchell Robinson,Knicks,Center-Forward,7-0,240.0,5.7,8.8,0.9,0.9,1.2,0.7,19.6,0.723,0.0,0.408,,60.0,,,,,,,1.61771,1.66901,2.2057,16.2803,1.52171,2.7404,2.12401,10.87,9.73072,1.54426,9.02468,8.6598,6.35808,216.0,,,,0.199074074074074,,,,0.2361111111111111,0.5648148148148148,0.1,6.1,Roll & Cut Big,Mobile Big,Roll & Cut Big,Anchor Big
1628964,Mo Bamba,,Center,7-0,231.0,,,,,,,,,,,,,,,,,,,-2.10454,,-3.0216,15.8058,2.4067,3.45342,1.17661,12.3426,4.65382,2.24935,5.87451,1.91808,5.16937,,,,,,,,,,,0.0,4.0,,,Roll & Cut Big,Anchor Big
1642885,Mohamed Diawara,Knicks,Forward,6-9,225.0,3.6,1.4,0.8,0.2,0.1,0.4,9.2,0.423,0.369,0.75,,69.0,,,,,,,-1.75293,-1.11552,-2.0216,18.0261,4.16964,,1.30513,6.28547,1.26723,2.19612,4.52086,2.53202,8.85936,,,,,,,,,,,1.3,0.4,,Anchor Big,Stationary Shooter,Anchor Big
1628420,Monte Morris,,Guard,6-2,183.0,,,,,,,,,,,,,,,,,,,-1.54076,-1.02302,-1.8679,19.3029,6.62449,,1.54008,4.90931,,1.67959,2.94647,6.01368,7.16727,,,,,,,,,,,2.3,0.5,,,Secondary Ball Handler,Low Activity
1629021,Moritz Wagner,Magic,Forward-Center,6-11,245.0,6.9,3.2,0.8,0.4,0.1,0.5,11.9,0.426,0.314,0.819,,36.0,,,,,,,,,,29.6972,3.0536,,1.64596,9.4479,3.41056,2.95558,10.95,3.14542,7.03544,191.0,,0.06282722513089,0.1989528795811518,0.1884816753926701,0.3089005235602094,,,0.1780104712041884,0.06282722513089,1.5,2.2,Versatile Big,Mobile Big,Versatile Big,Mobile Big
1630541,Moses Moody,Warriors,Guard,6-5,211.0,12.1,3.3,1.6,1.0,0.6,1.0,25.7,0.44,0.401,0.77,,60.0,,,,,,,2.97326,1.6452,2.1822,23.2542,3.2363,,1.72988,4.57112,1.63888,1.68746,3.45667,2.52803,12.4891,483.0,0.072463768115942,0.062111801242236,,,0.5113871635610766,0.1946169772256728,0.0600414078674948,0.0476190476190476,0.05175983436853,3.1,1.5,Off Screen Shooter,Wing Stopper,Off Screen Shooter,Wing Stopper
1631338,Mouhamadou Gueye,Bulls,Forward,6-9,210.0,8.0,3.0,3.0,1.0,0.5,1.5,22.5,0.545,0.2,0.75,,2.0,,,,,,,-4.20465,-1.42596,-4.9119,15.6601,2.49618,4.09406,1.20926,6.17985,3.9501,3.15563,7.27014,4.22952,2.22095,,,,,,,,,,,1.0,2.0,,,Slasher,Helper
1631243,Mouhamed Gueye,Hawks,Forward,6-11,210.0,4.4,3.6,0.9,0.8,0.5,0.4,15.3,0.452,0.308,0.645,,77.0,,,,,,,-1.64818,1.10895,,13.7569,2.63867,1.62718,2.37926,7.60308,3.73748,1.18656,4.55215,1.31656,5.9357,246.0,,,,0.1016260162601626,0.4878048780487805,,,0.2357723577235772,0.1747967479674796,0.6,2.4,Athletic Finisher,Mobile Big,Athletic Finisher,Mobile Big
1630619,Moussa Cisse,Mavericks,Center,6-11,220.0,4.5,5.7,0.2,0.5,1.2,0.8,13.9,0.574,0.0,0.469,,38.0,,,,,,,-2.29688,,-2.8607,15.4,3.48441,3.76981,1.4849,11.0194,7.3607,2.44944,8.90568,1.88412,6.46908,113.0,,,,0.2389380530973451,,,,0.2566371681415929,0.504424778761062,0.2,4.7,Roll & Cut Big,Mobile Big,Roll & Cut Big,Mobile Big
1631217,Moussa Diabaté,Hornets,Forward,6-10,210.0,7.9,8.7,1.9,0.8,1.0,1.0,26.0,0.631,0.5,0.659,,73.0,,,,,,,,,,,,,,,,,,,,365.0,,,0.0630136986301369,0.2465753424657534,0.0273972602739726,,,0.3397260273972602,0.3232876712328767,0.8,8.1,Athletic Finisher,Mobile Big,Athletic Finisher,Mobile Big
1626167,Myles Turner,Bucks,Center-Forward,6-11,250.0,11.9,5.3,1.5,0.7,1.6,1.2,26.9,0.44,0.383,0.74,,71.0,,,,,,,,,,21.4237,2.49657,2.9007,1.2043,7.69319,1.8277,2.32195,3.54079,3.22658,9.62755,636.0,,0.0251572327044025,0.0864779874213836,0.2295597484276729,0.4669811320754717,0.0157232704402515,0.0188679245283018,0.0927672955974842,0.0644654088050314,1.4,3.1,Stretch Big,Mobile Big,Stretch Big,Mobile Big
1642066,Myron Gardner,Heat,Forward,6-5,220.0,3.6,2.7,1.0,0.4,0.2,0.4,9.1,0.48,0.406,0.731,,45.0,,,,,,,,,,16.2482,4.83907,,1.86216,8.6377,4.17042,1.98226,4.85144,1.72203,6.77807,,,,,,,,,,,1.8,1.0,,Wing Stopper,Stationary Shooter,Wing Stopper
1642368,N'Faly Dante,,,,,,,,,,,,,,,,,,,,,,,-2.85996,,-3.0189,16.1081,1.70325,2.43685,1.26528,9.45592,4.98828,2.17475,8.42481,2.35387,5.16937,,,,,,,,,,,0.0,0.8,,,Athletic Finisher,Helper
1641772,Nae'Qwan Tomlin,Cavaliers,Forward,6-8,210.0,5.8,2.9,0.8,0.6,0.5,0.5,15.7,0.478,0.235,0.77,,64.0,,,,,,,-1.20554,,-1.0325,18.1268,2.39546,1.3791,1.76937,4.89339,4.21394,1.4091,7.76801,1.39819,5.35001,242.0,,,,0.0661157024793388,0.4586776859504132,,,0.2644628099173554,0.2107438016528925,0.9,2.9,Athletic Finisher,Mobile Big,Athletic Finisher,Mobile Big
1630230,Naji Marshall,Mavericks,Forward,6-6,220.0,15.2,4.7,3.3,1.1,0.1,1.6,29.5,0.51,0.291,0.76,,74.0,,,,,,,,,,27.6753,5.81141,,1.74747,5.72823,1.3941,2.85676,6.04679,9.7417,4.78135,664.0,0.2364457831325301,0.1114457831325301,,0.0602409638554216,0.4126506024096386,0.0316265060240963,0.0331325301204819,0.0677710843373494,0.0466867469879518,8.3,1.6,Primary Ball Handler,Wing Stopper,Primary Ball Handler,Wing Stopper
1631466,Nate Williams,Warriors,Guard,6-5,205.0,8.0,2.1,1.0,0.4,0.0,1.1,17.1,0.489,0.433,0.867,,14.0,,,,,,,-1.63439,-1.17732,-2.8117,21.0741,2.75023,,1.48635,2.74168,3.42715,2.69993,8.20887,3.57606,5.99333,,,,,,,,,,,3.8,2.6,,,Athletic Finisher,Low Activity
1629675,Naz Reid,Timberwolves,Center-Forward,6-9,264.0,13.6,6.2,2.2,1.0,1.0,1.6,26.1,0.456,0.362,0.732,,77.0,,,,,,,,,,22.7922,3.43588,1.53738,1.5399,9.34012,2.11687,2.90024,5.11485,5.181,8.41013,783.0,0.0587484035759897,0.0472541507024265,0.1149425287356321,0.1123882503192848,0.3856960408684546,0.1251596424010217,0.0587484035759897,0.037037037037037,0.0600255427841634,3.8,1.6,Off Screen Shooter,Mobile Big,Stretch Big,Mobile Big
1629674,Neemias Queta,Celtics,Center,7-0,248.0,10.2,8.4,1.7,0.8,1.3,1.0,25.3,0.653,0.125,0.703,,76.0,,,,,,,1.11808,1.98454,3.1026,20.1268,3.23232,2.5364,1.42999,11.1758,5.86973,1.9471,8.67848,3.99672,1.97282,517.0,,,0.0270793036750483,0.299806576402321,0.0386847195357833,,,0.3694390715667311,0.264990328820116,0.8,8.3,Roll & Cut Big,Anchor Big,Roll & Cut Big,Anchor Big
1629651,Nic Claxton,Nets,Center,6-11,215.0,11.7,6.9,3.7,0.7,1.1,1.4,27.8,0.571,0.158,0.616,,69.0,,,,,,,,,,21.1568,5.96251,1.86306,1.31792,7.99672,4.1487,2.55392,9.9987,4.81813,10.1168,547.0,0.056672760511883,0.1444241316270566,0.0658135283363802,0.1773308957952468,0.1389396709323583,,,0.2358318098720292,0.1809872029250457,4.4,7.1,Stretch Big,Mobile Big,Roll & Cut Big,Mobile Big
1630208,Nick Richards,Bulls,Center,6-11,245.0,5.8,5.1,0.3,0.2,0.7,1.2,14.6,0.512,0.278,0.644,,48.0,,,,,,,-1.8279,-2.11476,-3.9427,20.6497,1.16785,1.96683,,11.5798,5.25021,3.22454,8.93275,3.16157,1.83149,67.0,,,,0.1791044776119403,,,,0.5074626865671642,0.3134328358208955,0.3,4.6,,Anchor Big,Roll & Cut Big,Anchor Big
1641733,Nick Smith Jr.,Lakers,Guard,6-2,185.0,6.2,0.8,1.0,0.3,0.1,0.7,12.5,0.435,0.395,0.733,,30.0,,,,,,,-2.00304,-2.43421,-4.4373,22.984,4.38914,,,3.44605,,2.66365,2.0191,8.08951,11.0821,131.0,0.549618320610687,0.1450381679389313,,,0.3053435114503817,,,,,3.1,0.2,Secondary Ball Handler,Low Activity,Secondary Ball Handler,Low Activity
1629638,Nickeil Alexander-Walker,Hawks,Guard,6-5,205.0,20.8,3.4,3.7,1.3,0.5,2.1,33.4,0.459,0.399,0.902,,78.0,,,,,,,1.29309,,1.6611,24.8417,4.41602,,1.61277,3.42452,1.01992,2.93962,4.47831,3.91415,10.8974,1019.0,0.281648675171737,0.0529931305201177,,0.0510304219823356,0.3218842001962708,0.1295387634936212,0.113837095191364,0.0304219823356231,0.0186457311089303,8.4,1.2,Secondary Ball Handler,Wing Stopper,Secondary Ball Handler,Wing Stopper
201587,Nicolas Batum,Clippers,Guard-Forward,6-7,230.0,4.0,2.5,0.9,0.6,0.3,0.5,17.5,0.403,0.404,0.818,,74.0,,,,,,,-2.23547,,-2.1747,10.2169,2.72073,,1.71049,6.32033,1.08552,1.2754,1.43051,1.12629,8.62084,180.0,,,,,1.0,,,,,0.0,0.2,,Low Activity,Stationary Shooter,Low Activity
1628502,Nigel Hayes-Davis,,,,,,,,,,,,,,,,,,,,,,,-3.93097,,-4.683,13.2508,2.13613,,1.42192,6.25225,2.70852,1.8283,1.54517,6.10025,4.8565,,,,,,,,,,,0.7,0.5,,,Stationary Shooter,Chaser
203999,Nikola Jokić,Nuggets,Center,6-11,284.0,27.7,12.9,10.7,1.4,0.8,3.7,34.8,0.569,0.38,0.831,,65.0,,,,,,,,,,,,,,,,,,,,1259.0,0.1048451151707704,0.0826052422557585,0.2764098490865767,0.1397934868943606,0.1183478951548848,0.0595710881652104,,0.1088165210484511,0.1096108022239873,4.4,7.8,Post Scorer,Mobile Big,Post Scorer,Anchor Big
1631107,Nikola Jović,Heat,Forward,6-10,205.0,7.3,3.3,2.2,0.6,0.4,1.4,17.2,0.366,0.269,0.683,,47.0,,,,,,,,,,,,,,,,,,,,246.0,0.0528455284552845,0.056910569105691,0.08130081300813,0.0528455284552845,0.6869918699186992,,,0.0691056910569105,,3.5,1.2,,Mobile Big,Secondary Ball Handler,Low Activity
1642260,Nikola Topić,Thunder,Guard,6-6,200.0,5.2,1.9,4.4,0.5,0.0,2.5,16.0,0.431,0.4,0.4,,10.0,,,,,,,,,,,,,,,,,,,,43.0,0.7209302325581395,,,,0.2790697674418604,,,,,7.8,1.2,,,Primary Ball Handler,Low Activity
202696,Nikola Vučević,Celtics,Center,6-9,265.0,15.1,8.4,3.3,0.6,0.6,1.3,28.4,0.493,0.369,0.828,,64.0,,,,,,,,,,,,,,,,,,,,347.0,,0.031700288184438,0.0893371757925072,0.1181556195965417,0.30835734870317,0.0749279538904899,,0.2132564841498559,0.1642651296829971,2.6,6.8,Stretch Big,Mobile Big,Versatile Big,Mobile Big
1642363,Nique Clifford,Kings,Guard,6-5,175.0,8.6,3.8,2.4,0.9,0.3,1.5,25.1,0.418,0.333,0.722,,75.0,,,,,,,-1.89951,-1.69996,-1.8065,18.9653,5.50431,,1.79449,5.63688,1.58348,3.08493,4.07536,6.89547,6.54841,550.0,0.28,0.0472727272727272,,0.0272727272727272,0.4509090909090909,0.0218181818181818,0.06,0.06,0.0527272727272727,5.5,1.0,Primary Ball Handler,Wing Stopper,Primary Ball Handler,Wing Stopper
1642855,Noa Essengue,,,,,,,,,,,,,,,,,,,,,,,-1.6615,-1.40934,-2.5088,19.4309,2.94774,1.37664,1.42646,6.63729,3.15206,2.38781,6.11487,3.00405,7.59658,,,,,,,,,,,0.0,0.5,,,Stationary Shooter,Low Activity
1641730,Noah Clowney,Nets,Forward-Center,6-10,210.0,12.3,4.1,1.6,0.8,0.7,1.5,27.0,0.396,0.329,0.804,,66.0,,,,,,,-1.11252,,-1.9743,22.8407,2.91073,1.12519,1.39005,6.73492,1.43871,2.71377,3.99149,4.19251,9.88023,592.0,0.0591216216216216,0.0557432432432432,,0.0506756756756756,0.5608108108108109,0.054054054054054,0.1554054054054054,0.0337837837837837,0.0304054054054054,4.6,1.0,Off Screen Shooter,Wing Stopper,Off Screen Shooter,Wing Stopper
1642869,Noah Penda,Magic,Guard-Forward,6-7,215.0,3.8,3.2,1.2,0.5,0.3,0.7,12.8,0.404,0.323,0.688,,59.0,,,,,,,-2.38992,,-3.2002,14.3532,4.40096,1.01945,1.79378,7.40393,3.91396,2.52148,4.74982,1.74755,6.05776,194.0,0.0618556701030927,0.0824742268041237,,0.0721649484536082,0.5979381443298969,,,0.056701030927835,0.1288659793814432,2.2,1.3,Athletic Finisher,Wing Stopper,Athletic Finisher,Wing Stopper
1642849,Nolan Traore,Nets,Guard,6-3,185.0,8.9,1.8,3.8,0.8,0.4,2.3,22.2,0.38,0.318,0.787,,56.0,,,,,,,-1.55334,-1.80887,-3.3622,24.2338,8.82899,,1.8587,3.72675,,5.20368,7.03126,5.35771,9.46878,496.0,0.4173387096774194,0.0665322580645161,,,0.3669354838709677,0.0221774193548387,0.1048387096774193,0.0221774193548387,,9.8,0.4,Primary Ball Handler,Low Activity,Primary Ball Handler,Low Activity
1641807,Norchad Omier,,,,,,,,,,,,,,,,,,,,,,,-1.96001,-1.16259,-3.1226,18.557,3.10507,1.05816,1.29524,6.13758,3.84947,2.08334,6.98154,3.78975,4.22834,,,,,,,,,,,0.0,1.7,,,Athletic Finisher,Low Activity
1626181,Norman Powell,Heat,Guard,6-3,215.0,21.7,3.5,2.5,1.1,0.2,1.9,29.6,0.47,0.38,0.827,,58.0,,,,,,,1.71475,,2.0168,32.1648,3.52183,,1.62867,4.53912,,2.80453,6.27478,5.66135,11.125,749.0,0.157543391188251,0.1321762349799733,,,0.4753004005340454,0.1481975967957276,0.0547396528704939,0.0186915887850467,0.0133511348464619,9.9,0.4,Secondary Ball Handler,Low Activity,Shot Creator,Low Activity
1628384,OG Anunoby,Knicks,Forward-Guard,6-7,240.0,16.7,5.2,2.2,1.6,0.7,1.8,33.2,0.484,0.386,0.828,,67.0,,,,,,,1.22958,1.23288,2.4625,23.7069,2.38939,1.16967,2.14236,6.69971,1.73703,2.08072,6.27546,2.47275,8.43745,739.0,0.081190798376184,0.0730717185385656,0.0365358592692828,0.054127198917456,0.5209742895805142,0.0460081190798376,0.060893098782138,0.0838971583220568,0.0433017591339648,6.9,2.7,Movement Shooter,Wing Stopper,Athletic Finisher,Wing Stopper
1630167,Obi Toppin,Pacers,Forward,6-9,220.0,11.6,4.4,2.3,0.5,0.0,1.2,17.7,0.503,0.352,0.913,,24.0,,,,,,,1.90312,,1.0033,28.7174,5.16174,,1.39379,9.30061,1.61278,2.47241,7.55827,3.02941,10.2482,175.0,0.1028571428571428,,0.1371428571428571,0.0914285714285714,0.4342857142857143,0.12,,0.1142857142857142,,2.4,3.2,Off Screen Shooter,Mobile Big,Off Screen Shooter,Mobile Big
1630534,Ochai Agbaji,Nets,Guard,6-5,215.0,5.1,2.3,0.8,0.4,0.3,0.5,15.7,0.436,0.266,0.837,,62.0,,,,,,,-2.24164,,-2.5434,18.4989,2.41788,,1.40875,4.84307,2.15389,1.64576,5.8011,1.91901,8.22639,116.0,0.1206896551724138,,,,0.4655172413793103,,,0.2413793103448276,0.1724137931034483,1.5,1.3,Athletic Finisher,Wing Stopper,Athletic Finisher,Wing Stopper
1630846,Olivier Sarr,Cavaliers,Center,6-10,240.0,3.5,2.8,1.3,0.5,0.8,0.5,9.8,0.714,0.667,0.4,,4.0,,,,,,,-2.06421,-1.93422,-3.9984,15.1763,1.93769,2.20165,,8.56326,4.25595,1.99734,6.10675,1.07219,3.54957,,,,,,,,,,,0.0,1.3,,,Roll & Cut Big,Anchor Big
1641765,Olivier-Maxence Prosper,Grizzlies,Forward,6-7,230.0,10.0,3.5,1.0,0.8,0.2,0.9,18.6,0.549,0.405,0.754,,53.0,,,,,,,-1.26805,,,24.723,2.52288,,1.86585,6.22907,2.92782,1.88848,8.05854,2.09975,7.99096,299.0,0.0367892976588628,0.0367892976588628,,0.2073578595317725,0.4882943143812709,,,0.1270903010033444,0.1036789297658862,2.6,2.3,Athletic Finisher,Mobile Big,Athletic Finisher,Mobile Big
1630209,Omer Yurtseven,,Center,6-11,275.0,3.8,3.3,0.9,0.2,0.1,1.0,11.6,0.423,0.0,0.667,,9.0,,,,,,,-2.62781,-1.31118,-3.4534,18.7061,2.85384,1.27921,1.02593,11.5914,5.97905,2.93668,7.7819,5.6605,2.1043,,,,,,,,,,,0.2,3.0,,Anchor Big,Roll & Cut Big,Anchor Big
1630168,Onyeka Okongwu,Hawks,Forward-Center,6-10,240.0,15.2,7.6,3.1,1.1,1.1,1.7,31.0,0.48,0.376,0.757,,74.0,,,,,,,,,,19.7583,3.79399,1.52041,1.59508,8.16345,2.89586,2.31722,5.10874,2.68641,6.6756,783.0,0.0242656449553001,0.0166028097062579,0.090676883780332,0.1532567049808429,0.3627075351213282,0.0485312899106002,0.0421455938697318,0.1647509578544061,0.0970625798212005,3.3,5.4,Stretch Big,Mobile Big,Roll & Cut Big,Mobile Big
1631115,Orlando Robinson,,Center,6-10,235.0,,,,,,,,,,,,,,,,,,,-1.54734,-1.01892,-2.3986,19.0012,4.7533,1.08943,1.28722,8.31821,5.42543,2.65003,7.37168,4.88428,3.69,,,,,,,,,,,0.5,1.0,,,Roll & Cut Big,Mobile Big
1631131,Oscar Tshiebwe,Jazz,Forward-Center,6-8,255.0,7.8,6.6,1.2,0.6,0.2,0.8,16.6,0.634,0.0,0.551,,27.0,,,,,,,,-1.69996,-1.8251,20.4904,2.86843,,1.86631,11.2737,7.76211,1.90544,9.91042,4.30762,12.0267,133.0,,,,0.2631578947368421,,,,0.3984962406015037,0.3383458646616541,0.4,6.3,Roll & Cut Big,Mobile Big,Roll & Cut Big,Mobile Big
1642345,Oso Ighodaro,Suns,Forward,6-11,235.0,6.5,5.1,2.3,0.9,0.7,1.2,22.0,0.653,0.0,0.453,,82.0,,,,,,,,1.05504,,14.8066,5.59322,1.48039,1.7278,7.32992,3.82623,2.54754,7.00468,3.07191,10.3762,371.0,0.0566037735849056,0.105121293800539,,0.2884097035040431,0.0377358490566037,,,0.3827493261455525,0.1293800539083558,2.0,4.2,Athletic Finisher,Mobile Big,Athletic Finisher,Mobile Big
1631172,Ousmane Dieng,Bucks,Forward,6-9,185.0,7.6,3.2,2.4,0.4,0.3,1.3,19.3,0.422,0.341,0.711,,57.0,,,,,,,-1.46458,-1.30945,-2.774,21.8332,6.39417,,1.33259,6.82074,1.46025,3.0074,4.78142,6.53402,8.01467,85.0,0.1176470588235294,0.2,,,0.4,,0.2823529411764706,,,4.9,0.8,,Wing Stopper,Stationary Shooter,Wing Stopper
1629023,P.J. Washington,Mavericks,Forward,6-7,230.0,14.2,7.0,1.8,1.0,1.1,1.7,31.0,0.45,0.325,0.687,,56.0,,,,,,,-1.43873,,,20.8295,2.26273,1.32653,1.51911,8.11476,2.26832,2.42678,6.38078,3.66049,6.73885,534.0,0.0880149812734082,0.0580524344569288,0.0749063670411985,0.1029962546816479,0.4063670411985018,,0.0449438202247191,0.1273408239700374,0.097378277153558,5.3,3.3,,Mobile Big,Stationary Shooter,Wing Stopper
1641790,PJ Hall,Hornets,Center,6-8,245.0,4.5,3.9,0.5,0.2,0.5,0.8,11.2,0.508,0.6,0.793,,19.0,,,,,,,-1.49335,,-1.9527,19.1415,2.29777,2.14061,,8.96104,6.20199,2.68105,9.67558,1.88186,2.06694,55.0,,,,0.2363636363636363,,,,0.4181818181818181,0.3454545454545454,0.2,4.7,,Mobile Big,Roll & Cut Big,Mobile Big
1642359,Pacôme Dadiet,Knicks,Forward,6-9,210.0,1.7,0.9,0.4,0.1,0.0,0.1,4.7,0.333,0.219,0.818,,29.0,,,,,,,,,,,,,,,,,,,,,,,,,,,,,,0.6,0.4,,Chaser,Athletic Finisher,Chaser
1631094,Paolo Banchero,Magic,Forward,6-10,250.0,22.2,8.4,5.2,0.7,0.6,3.1,34.8,0.459,0.305,0.775,,72.0,,,,,,,,1.11968,1.5049,32.9756,7.49243,,1.22195,9.41701,1.64189,4.46056,8.97966,8.37279,6.83366,1233.0,0.2416869424168694,0.2173560421735604,0.1192214111922141,0.056772100567721,0.1849148418491484,0.040551500405515,0.0397404703974047,0.0600162206001622,0.0397404703974047,13.7,2.8,Shot Creator,Low Activity,Shot Creator,Low Activity
1627783,Pascal Siakam,Pacers,Forward,6-8,245.0,24.0,6.6,3.8,1.1,0.4,2.2,33.2,0.484,0.358,0.693,,62.0,,,,,,,1.94119,,2.6616,35.8543,5.22326,,1.4981,7.39914,1.88225,3.1094,9.82285,10.9759,6.62504,1084.0,0.1845018450184501,0.1642066420664206,0.1642066420664206,0.0793357933579335,0.2140221402214022,0.047970479704797,0.0378228782287822,0.055350553505535,0.0525830258302583,12.6,3.1,Primary Ball Handler,Low Activity,Shot Creator,Low Activity
1626192,Pat Connaughton,Hornets,Guard,6-5,209.0,2.6,1.5,0.4,0.3,0.0,0.3,7.1,0.447,0.404,0.65,,42.0,,,,,,,-1.98465,-1.54888,-2.2856,17.6993,4.14322,,1.29646,7.02671,1.84608,1.54543,4.88808,1.66179,7.93456,,,,,,,,,,,1.1,0.4,,Anchor Big,Stationary Shooter,Anchor Big
1630311,Pat Spencer,Warriors,Guard,6-2,205.0,7.2,2.4,3.5,0.7,0.1,1.3,18.6,0.427,0.357,0.772,,66.0,,,,,,,-2.02869,-1.48242,-2.3809,19.4565,8.62302,,1.94041,4.29552,2.11321,3.27031,3.88972,6.64448,7.3105,436.0,0.4197247706422018,0.0779816513761468,,,0.2477064220183486,0.0344036697247706,0.091743119266055,0.0871559633027523,0.0412844036697247,5.3,1.3,Primary Ball Handler,Chaser,Primary Ball Handler,Chaser
1631116,Patrick Baldwin Jr.,Kings,Forward,7-0,220.0,,,,,,,,,,,,,,,,,,,-2.48244,,-3.1247,16.2023,2.43541,1.34206,1.54425,8.7282,2.16132,2.00761,3.89558,1.84973,8.94563,,,,,,,,,,,1.2,1.3,,,Stationary Shooter,Wing Stopper
1630172,Patrick Williams,Bulls,Forward,6-6,235.0,7.0,3.0,1.5,0.7,0.4,1.0,20.5,0.372,0.347,0.72,,72.0,,,,,,,-3.88543,-1.07616,-4.2048,16.6854,3.42209,,1.52114,5.25253,1.45592,2.3991,3.63966,2.28015,8.61104,417.0,0.1414868105515587,0.0575539568345323,0.0479616306954436,0.0623501199040767,0.5467625899280576,,0.0503597122302158,0.0287769784172661,0.0647482014388489,4.0,0.8,Movement Shooter,Wing Stopper,Movement Shooter,Wing Stopper
202331,Paul George,76ers,Forward,6-8,230.0,17.3,5.3,3.6,1.7,0.4,1.7,30.7,0.439,0.392,0.82,,37.0,,,,,,,1.55412,1.32988,1.3642,23.8165,4.82082,,2.3858,6.4346,,2.84818,2.94875,7.26471,9.96967,489.0,0.1963190184049079,0.2351738241308793,0.0633946830265848,,0.2740286298568507,0.1554192229038855,0.0531697341513292,,0.0224948875255623,5.7,0.9,Off Screen Shooter,Point of Attack,Off Screen Shooter,Point of Attack
1630194,Paul Reed,Pistons,Forward,6-9,210.0,7.8,4.5,1.2,0.9,0.9,0.9,13.9,0.617,0.325,0.664,,65.0,,,,,,,1.6007,1.90028,3.501,27.8813,3.75465,3.00926,2.8104,8.94943,6.53179,2.76251,11.0191,5.05649,2.55907,332.0,,0.0301204819277108,0.0391566265060241,0.2319277108433735,0.1566265060240964,,,0.3283132530120481,0.2138554216867469,1.3,4.1,Athletic Finisher,Mobile Big,Athletic Finisher,Mobile Big
1630202,Payton Pritchard,Celtics,Guard,6-1,195.0,17.0,3.9,5.2,0.7,0.1,1.4,32.4,0.464,0.377,0.89,,79.0,,,,,,,3.0976,1.55897,2.5846,26.6604,7.36691,,1.18544,4.2367,1.50634,2.16773,4.18118,5.25711,11.6033,1026.0,0.3294346978557504,0.1588693957115009,,0.0185185185185185,0.3216374269005848,0.0516569200779727,0.0857699805068226,0.0155945419103313,0.0185185185185185,11.9,0.7,Primary Ball Handler,Low Activity,Primary Ball Handler,Low Activity
1642362,Payton Sandfort,Thunder,Forward,6-7,215.0,8.8,2.5,0.0,0.3,0.0,0.3,15.8,0.5,0.412,0.5,,4.0,,,,,,,-2.25233,-1.3821,-3.6344,19.3363,1.15908,,1.14136,6.2242,2.51287,1.91402,4.844,2.16514,10.248,,,,,,,,,,,0.5,1.3,,Anchor Big,Stationary Shooter,Anchor Big
1641796,Pelle Larsson,Heat,Guard,6-5,215.0,11.4,3.5,3.4,0.7,0.2,1.4,26.4,0.496,0.323,0.797,,70.0,,,,,,,,1.05504,,21.9094,5.42589,,1.42339,4.27027,1.84444,2.57602,6.37335,4.09918,4.64667,470.0,0.0744680851063829,0.1106382978723404,0.0234042553191489,,0.5680851063829787,0.0340425531914893,,0.1127659574468085,0.076595744680851,6.5,1.9,,Wing Stopper,Slasher,Wing Stopper
1631250,Pete Nance,Bucks,Forward,6-9,225.0,5.4,2.7,1.0,0.3,0.3,0.6,15.7,0.515,0.42,0.364,,47.0,,,,,,,-1.73331,-1.61394,-3.3472,14.2724,3.43667,,1.0586,6.4699,1.76266,1.70411,3.39847,1.73128,7.98039,180.0,,,0.0555555555555555,0.1888888888888888,0.5277777777777778,,,0.1666666666666666,0.0611111111111111,0.6,1.7,Athletic Finisher,Low Activity,Athletic Finisher,Low Activity
1631212,Peyton Watson,Nuggets,Guard,6-8,200.0,14.6,4.9,2.1,0.9,1.1,1.7,29.6,0.491,0.411,0.73,,54.0,,,,,,,,1.12068,,26.9303,3.84729,1.95304,1.50985,6.53199,1.48279,2.60297,6.21288,7.88519,7.15882,548.0,0.2025547445255474,0.0985401459854014,,0.0401459854014598,0.3156934306569343,0.0273722627737226,0.0711678832116788,0.2025547445255474,0.041970802919708,5.6,2.9,Secondary Ball Handler,Anchor Big,Secondary Ball Handler,Wing Stopper
1630173,Precious Achiuwa,Kings,Forward,6-8,243.0,10.1,6.7,1.4,0.9,0.7,0.9,23.9,0.528,0.278,0.554,,73.0,,,,,,,,,,22.7603,2.96236,1.39488,1.71775,8.75064,4.88115,2.04822,8.85176,7.04326,3.09857,364.0,0.0357142857142857,0.0879120879120879,0.0494505494505494,0.2197802197802197,,,,0.2472527472527472,0.3598901098901099,3.1,4.5,Athletic Finisher,Mobile Big,Athletic Finisher,Mobile Big
1629656,Quentin Grimes,76ers,Guard,6-5,207.0,13.4,3.6,3.3,0.9,0.4,1.8,29.4,0.45,0.334,0.84,,75.0,,,,,,,-1.26628,,-1.7657,19.9727,4.75047,,1.45157,5.32384,,2.57762,5.11693,3.13641,6.78863,683.0,0.1742313323572474,0.1376281112737921,,0.0175695461200585,0.4494875549048316,0.089311859443631,0.0585651537335285,0.0468521229868228,0.0263543191800878,6.6,0.7,Secondary Ball Handler,Low Activity,Secondary Ball Handler,Low Activity
1631245,Quenton Jackson,Pacers,Guard,6-4,173.0,9.1,2.3,2.9,0.6,0.1,1.3,18.3,0.47,0.356,0.824,,49.0,,,,,,,-1.02509,,,22.3806,7.44997,,1.73594,4.49604,1.46336,2.81369,7.67359,3.27577,5.88381,285.0,0.3368421052631579,0.0526315789473684,,,0.375438596491228,0.0526315789473684,0.087719298245614,0.0596491228070175,0.0350877192982456,5.5,0.6,Primary Ball Handler,Low Activity,Primary Ball Handler,Low Activity
1642366,Quinten Post,Warriors,Center,7-0,238.0,7.7,4.0,1.4,0.4,0.5,0.8,17.3,0.44,0.336,0.791,,67.0,,,,,,,,,,21.6228,3.94049,1.31863,1.15183,8.20102,2.73467,2.31368,4.31657,3.11365,10.8188,395.0,,,0.0759493670886076,0.210126582278481,0.4607594936708861,0.050632911392405,,0.1240506329113924,0.0784810126582278,1.1,2.1,Stretch Big,Mobile Big,Stretch Big,Mobile Big
1629628,RJ Barrett,Raptors,Forward-Guard,6-6,214.0,19.3,5.3,3.3,0.7,0.3,1.7,30.3,0.491,0.339,0.717,,57.0,,,,,,,1.77786,,1.3482,30.3206,4.84554,,1.16418,6.73067,1.88669,3.27391,8.67716,6.74913,8.09394,716.0,0.2360335195530726,0.0377094972067039,0.0405027932960893,0.0181564245810055,0.3463687150837989,0.0418994413407821,0.1019553072625698,0.1201117318435754,0.0572625698324022,9.5,2.7,Primary Ball Handler,Low Activity,Primary Ball Handler,Low Activity
1642853,Rasheer Fleming,Suns,Forward,6-9,240.0,4.3,2.3,0.3,0.4,0.4,0.5,12.2,0.405,0.346,0.559,,55.0,,,,,,,-1.84377,-1.29813,-1.7785,17.321,1.10905,1.46812,1.5347,5.12261,4.02369,2.12439,5.15513,1.10549,9.4984,180.0,,,,0.1055555555555555,0.6388888888888888,,,0.0888888888888888,0.1666666666666666,0.9,1.2,Athletic Finisher,Mobile Big,Athletic Finisher,Mobile Big
1642484,RayJ Dennis,Hawks,Guard,6-1,180.0,4.4,1.5,1.9,0.2,0.2,1.0,12.1,0.313,0.311,0.889,,17.0,,,,,,,-1.23381,,-1.7647,20.4362,7.32693,,1.81134,4.45455,1.84915,3.25914,2.85493,5.48327,10.6262,43.0,0.3953488372093023,,,,0.6046511627906976,,,,,3.5,0.5,,Low Activity,Secondary Ball Handler,Low Activity
1641712,Rayan Rupert,Grizzlies,Guard-Forward,6-7,205.0,5.2,2.9,1.1,0.9,0.1,0.9,16.8,0.393,0.324,0.778,,64.0,,,,,,,-3.98686,-1.42596,-5.4128,17.1341,3.19575,,2.00165,5.95361,2.21464,2.36504,5.00334,4.15608,6.3023,129.0,0.1395348837209302,,,,0.6589147286821705,,,0.1162790697674418,0.0852713178294573,2.5,1.1,Athletic Finisher,Low Activity,Athletic Finisher,Low Activity
1642263,Reed Sheppard,Rockets,Guard,6-2,185.0,13.5,2.9,3.4,1.5,0.7,1.5,26.2,0.43,0.394,0.802,,82.0,,,,,,,,,,23.9732,6.78684,1.19285,2.7281,4.45224,,2.90157,3.04407,4.80426,13.8573,824.0,0.3871359223300971,0.0618932038834951,,0.0351941747572815,0.3276699029126214,0.0691747572815534,0.1067961165048543,0.012135922330097,,4.8,0.2,Primary Ball Handler,Helper,Primary Ball Handler,Low Activity
1642434,Riley Minix,,,,,,,,,,,,,,,,,,,,,,,-1.73635,-1.51657,-3.2529,19.2736,2.99363,1.01651,1.28004,5.71968,2.52319,2.09155,5.3859,2.26836,8.34237,,,,,,,,,,,1.2,0.9,,,Stationary Shooter,Low Activity
1642265,Rob Dillingham,Bulls,Guard,6-2,175.0,6.3,2.0,2.2,0.7,0.1,1.5,14.9,0.396,0.316,0.745,,65.0,,,,,,,-3.86313,,-4.5559,20.2995,6.32101,,2.06428,5.12031,1.00396,4.44669,6.58314,5.08694,7.36753,132.0,0.4318181818181818,0.2272727272727272,,,0.2272727272727272,,0.1136363636363636,,,6.2,0.2,,Low Activity,Shot Creator,Low Activity
1629057,Robert Williams III,Trail Blazers,Center-Forward,6-9,249.0,6.7,7.0,1.0,0.6,1.5,0.8,17.1,0.708,0.391,0.596,,59.0,,,,,,,-1.18704,1.81973,,18.9075,3.12026,3.61824,1.62037,11.9961,6.14911,2.08773,9.36723,1.18789,1.81953,247.0,,,,0.1983805668016194,0.1012145748987854,,,0.388663967611336,0.3117408906882591,0.2,5.5,Roll & Cut Big,Anchor Big,Roll & Cut Big,Anchor Big
1642911,Rocco Zikarsky,Timberwolves,Center,7-3,227.0,2.8,2.8,0.4,0.0,1.0,0.2,7.2,0.625,0.0,1.0,,5.0,,,,,,,-3.19205,-1.11027,-3.9537,15.8147,1.34624,2.93292,1.02625,9.4487,4.2523,1.96964,6.39192,3.73737,1.88973,,,,,,,,,,,0.6,1.2,,Anchor Big,Roll & Cut Big,Anchor Big
1631199,Ron Harper Jr.,Celtics,Guard-Forward,6-5,233.0,4.2,1.7,0.8,0.3,0.3,0.3,11.0,0.418,0.35,0.75,,29.0,,,,,,,,,,20.0845,3.39022,1.14387,1.39514,5.44747,2.75418,1.17557,3.52797,2.00883,12.1352,70.0,0.2285714285714285,,,,0.7714285714285715,,,,,1.2,0.6,,Anchor Big,Secondary Ball Handler,Anchor Big
1641842,Ronald Holland II,Pistons,Forward,6-8,206.0,8.2,4.0,1.2,1.2,0.3,1.2,19.9,0.432,0.253,0.805,,78.0,,,,,,,-2.57388,2.0135,,20.5832,2.29547,,2.49296,7.25376,2.35882,2.8439,7.72446,2.22893,6.28585,447.0,0.0917225950782997,0.0425055928411633,,,0.6017897091722595,,0.0447427293064877,0.1297539149888143,0.0894854586129754,3.1,1.4,Athletic Finisher,Wing Stopper,Athletic Finisher,Wing Stopper
1626220,Royce O'Neale,Suns,Forward,6-6,226.0,9.8,4.8,2.7,1.1,0.4,1.3,28.4,0.421,0.408,0.711,,78.0,,,,,,,-1.68017,,-2.3695,14.2984,4.07544,,1.72153,7.14312,1.33269,2.0376,1.21531,3.11796,10.5536,466.0,0.1459227467811159,,,0.0472103004291845,0.6652360515021459,0.0515021459227467,0.0600858369098712,,0.0300429184549356,2.0,0.6,Movement Shooter,Point of Attack,Movement Shooter,Wing Stopper
203497,Rudy Gobert,Timberwolves,Center,7-1,258.0,10.9,11.5,1.7,0.8,1.6,1.4,31.3,0.682,0.0,0.526,,76.0,,,,,,,2.34398,3.61047,2.7086,15.5501,2.99415,2.19519,1.28345,10.6988,5.96111,2.20851,8.44261,1.05221,7.32536,537.0,,,0.0335195530726257,0.2067039106145251,0.0223463687150838,,,0.3649906890130354,0.37243947858473,0.7,8.4,Roll & Cut Big,Mobile Big,Roll & Cut Big,Anchor Big
1629060,Rui Hachimura,Lakers,Forward,6-8,230.0,11.5,3.3,0.8,0.6,0.3,0.6,28.3,0.514,0.443,0.694,,68.0,,,,,,,,,,20.035,1.83435,,1.08724,4.76884,1.05957,1.17002,2.9983,6.25016,7.32703,479.0,0.0354906054279749,0.0563674321503131,0.1022964509394572,0.0501043841336116,0.5532359081419624,0.0960334029227557,,0.0730688935281837,0.0334029227557411,1.9,1.7,Movement Shooter,Point of Attack,Movement Shooter,Low Activity
201566,Russell Westbrook,Kings,Guard,6-4,200.0,15.2,5.4,6.7,1.3,0.2,3.3,29.0,0.427,0.338,0.694,,64.0,,,,,,,-1.02272,-1.30763,-1.6081,23.8813,10.9645,,2.09869,6.1029,1.85971,5.13657,5.22483,6.27863,9.95677,540.0,0.5037037037037037,0.2629629629629629,0.1166666666666666,,,,0.0296296296296296,0.0407407407407407,0.0462962962962962,11.6,1.6,Shot Creator,Wing Stopper,Slasher,Low Activity
1642346,Ryan Dunn,Suns,Forward,6-7,216.0,5.8,4.2,1.5,0.9,0.4,0.8,19.4,0.453,0.331,0.489,,70.0,,,,,,,-2.60379,-1.72386,-1.9013,13.5502,3.54406,1.02865,1.9507,7.4628,3.49953,1.9179,4.82095,1.6578,6.02224,310.0,0.0741935483870967,,,0.0774193548387096,0.5580645161290323,,,0.132258064516129,0.1580645161290322,2.0,2.0,Athletic Finisher,Wing Stopper,Athletic Finisher,Wing Stopper
1641750,Ryan Kalkbrenner,Hornets,Center,7-1,256.0,7.6,5.5,0.8,0.5,1.5,0.9,21.4,0.753,0.0,0.716,,69.0,,,,,,,-1.67785,,-1.4129,16.2657,2.08938,3.12009,1.08017,6.58085,5.5423,1.88478,8.46652,,10.9341,315.0,,,0.0349206349206349,0.165079365079365,,,,0.4634920634920635,0.3365079365079365,0.0,6.3,Roll & Cut Big,Anchor Big,Roll & Cut Big,Anchor Big
1642948,Ryan Nembhard,Mavericks,Guard,5-11,180.0,6.6,2.2,5.3,0.4,0.0,1.4,19.5,0.415,0.356,0.806,,60.0,,,,,,,,,-1.2048,16.8907,12.3188,,1.14178,5.11069,,3.25258,2.81784,7.62709,5.42064,350.0,0.5714285714285714,0.1085714285714285,,,0.26,,0.06,,,6.6,0.2,Primary Ball Handler,Low Activity,Primary Ball Handler,Low Activity
1631157,Ryan Rollins,Bucks,Guard,6-3,180.0,17.3,4.6,5.6,1.5,0.4,2.7,32.1,0.472,0.406,0.796,,74.0,,,,,,,,,,27.9759,8.48289,,2.26937,5.88171,1.02262,4.34341,4.73247,7.85396,10.3371,951.0,0.519453207150368,0.1114616193480546,,,0.2250262881177707,0.0189274447949526,0.0862250262881177,0.0189274447949526,0.0199789695057833,11.8,0.7,Primary Ball Handler,Point of Attack,Primary Ball Handler,Point of Attack
1630180,Saddiq Bey,Pelicans,Guard-Forward,6-8,215.0,17.7,5.6,2.5,0.9,0.1,0.9,31.2,0.451,0.367,0.841,,72.0,,,,,,,1.61076,,,28.4614,3.81022,,1.39673,5.26079,2.61966,1.66325,7.44163,5.77738,9.05748,895.0,0.0793296089385474,0.1094972067039106,0.1854748603351955,0.017877094972067,0.3608938547486033,0.0301675977653631,0.0748603351955307,0.0569832402234636,0.0849162011173184,5.7,2.2,,Wing Stopper,Stationary Shooter,Wing Stopper
1630573,Sam Hauser,Celtics,Forward,6-7,217.0,9.2,3.8,1.5,0.5,0.3,0.4,24.8,0.419,0.393,0.85,,78.0,,,,,,,1.17885,,1.2557,18.0527,2.56211,,1.0547,6.32497,1.59937,4.05711,1.34028,1.99493,11.7273,488.0,0.0635245901639344,,,0.1024590163934426,0.4959016393442623,0.1639344262295081,0.096311475409836,0.0307377049180327,0.0471311475409836,0.8,0.7,Off Screen Shooter,Wing Stopper,Stationary Shooter,Wing Stopper
1630241,Sam Merrill,Cavaliers,Guard,6-4,205.0,12.8,2.6,2.4,0.6,0.1,0.8,26.5,0.461,0.421,0.855,,52.0,,,,,,,1.31396,,,19.6121,3.70316,,1.32538,3.39928,1.08753,1.2765,2.02074,1.83534,11.528,415.0,0.0674698795180722,,,0.1108433734939759,0.5012048192771085,0.1036144578313253,0.1180722891566265,0.0746987951807229,0.0240963855421686,2.7,1.0,Off Screen Shooter,Low Activity,Off Screen Shooter,Low Activity
1630572,Sandro Mamukelashvili,Raptors,Forward-Center,6-9,240.0,11.2,4.9,1.9,0.8,0.5,0.8,21.9,0.523,0.389,0.747,,80.0,,,,,,,,1.48449,1.0203,22.5861,3.93541,1.01464,1.6301,8.62436,3.30122,1.84408,6.75416,1.95291,8.0196,549.0,0.0182149362477231,0.0182149362477231,0.0309653916211293,0.2149362477231329,0.4316939890710382,0.02367941712204,,0.1712204007285974,0.0910746812386156,2.3,3.3,Stretch Big,Mobile Big,Stretch Big,Mobile Big
1630583,Santi Aldama,Grizzlies,Forward-Center,7-0,215.0,14.0,6.7,2.9,0.9,0.7,1.3,27.9,0.479,0.35,0.667,,43.0,,,,,,,-1.11218,,,22.3523,4.76491,1.02686,1.4181,8.40511,2.44363,2.07696,5.35354,4.96535,7.31766,374.0,0.0374331550802139,,0.0588235294117647,0.1390374331550802,0.5641711229946524,,,0.0962566844919786,0.1042780748663101,5.1,3.3,Stretch Big,Mobile Big,Stretch Big,Mobile Big
1630703,Scoot Henderson,Trail Blazers,Guard,6-3,207.0,14.2,2.7,3.7,0.9,0.3,2.4,24.9,0.418,0.352,0.84,,30.0,,,,,,,-1.54076,,-1.8714,24.6278,5.93554,,1.76415,3.63478,1.23326,4.32684,5.23804,5.89566,9.66787,349.0,0.4613180515759312,0.1318051575931232,,,0.329512893982808,,0.0773638968481375,,,11.0,0.7,Primary Ball Handler,Low Activity,Primary Ball Handler,Low Activity
1630567,Scottie Barnes,Raptors,Forward-Guard,6-8,237.0,18.1,7.5,5.9,1.4,1.5,2.6,33.5,0.507,0.304,0.815,,80.0,,,,,,,1.29891,1.87821,3.1771,26.3456,10.3507,1.95449,1.99786,7.05837,2.32344,3.97158,7.02325,9.15206,3.70666,1018.0,0.18762278978389,0.106090373280943,0.1414538310412573,0.0726915520628683,0.2524557956777996,0.0196463654223968,0.0333988212180746,0.1159135559921414,0.0707269155206286,7.8,5.1,Primary Ball Handler,Mobile Big,Primary Ball Handler,Mobile Big
1630590,Scotty Pippen Jr.,Grizzlies,Guard,6-2,170.0,11.4,2.2,4.7,1.9,0.4,2.7,21.2,0.448,0.313,0.783,,10.0,,,,,,,,1.31254,,24.3944,8.72365,,2.95798,4.68051,1.8274,4.16867,5.47854,6.94939,7.18194,71.0,0.6338028169014085,,,,0.3661971830985915,,,,,8.0,0.9,,Chaser,Primary Ball Handler,Chaser
1642951,Sean Pedulla,,,,,,,,,,,,,,,,,,,,,,,-1.19828,-1.16656,-1.9826,21.5176,6.2455,,1.49639,3.70175,1.03446,2.57252,3.79201,3.90206,12.3536,,,,,,,,,,,1.0,0.0,,,Stationary Shooter,Low Activity
203552,Seth Curry,Warriors,Guard,6-1,185.0,,,,,,,,,,,,,,,,,,,,-1.14989,-1.9446,20.476,3.15113,,1.39705,3.94709,1.15162,1.44445,1.57224,6.4361,8.71369,31.0,,,,,0.6451612903225806,,0.3548387096774194,,,1.5,0.2,,,Off Screen Shooter,Low Activity
1631101,Shaedon Sharpe,Trail Blazers,Guard,6-5,210.0,20.8,4.3,2.6,1.4,0.1,2.9,29.4,0.452,0.337,0.787,,50.0,,,,,,,,,,30.7045,4.17084,,1.77896,5.21851,1.56251,4.02138,8.03824,7.67183,9.7729,810.0,0.4296296296296296,0.1592592592592592,,,0.2172839506172839,0.0296296296296296,0.0703703703703703,0.0604938271604938,0.0333333333333333,11.1,1.9,Secondary Ball Handler,Low Activity,Secondary Ball Handler,Low Activity
1628983,Shai Gilgeous-Alexander,Thunder,Guard,6-6,195.0,31.1,4.3,6.6,1.4,0.8,2.2,33.2,0.553,0.386,0.879,,68.0,,,,,,,5.87946,1.4784,7.3579,40.5381,9.37073,1.09593,1.93412,4.41998,1.79119,3.51923,7.61714,12.9538,5.74449,1314.0,0.4398782343987823,0.3417047184170472,0.0525114155251141,0.0091324200913242,0.0684931506849315,0.0190258751902587,0.0228310502283105,0.0357686453576864,0.0106544901065449,18.8,1.0,Shot Creator,Helper,Primary Ball Handler,Helper
1630536,Sharife Cooper,Wizards,Guard,6-0,176.0,8.1,2.1,3.0,0.4,0.1,1.5,17.1,0.514,0.382,0.833,,41.0,,,,,,,-1.60157,-2.12352,-3.7251,20.9306,8.58273,,1.28981,4.65998,1.02268,3.87986,6.46601,5.15181,5.09691,220.0,0.5,0.2727272727272727,,,0.1636363636363636,,0.0636363636363636,,,6.4,0.5,,Low Activity,Shot Creator,Low Activity
1631321,Sidy Cissoko,Trail Blazers,Guard,6-6,220.0,5.1,2.2,1.5,0.7,0.3,0.9,19.1,0.398,0.298,0.659,,75.0,,,,,,,-2.95039,,-2.6018,12.9979,4.11517,,1.77421,3.7636,2.13246,2.35641,4.0476,1.10227,5.73854,275.0,0.0545454545454545,,,0.0727272727272727,0.7418181818181818,,,0.069090909090909,0.0618181818181818,2.4,0.9,Movement Shooter,Low Activity,Movement Shooter,Low Activity
1631323,Simone Fontecchio,Heat,Forward,6-7,209.0,8.5,3.0,1.4,0.5,0.1,0.7,16.8,0.412,0.375,0.843,,70.0,,,,,,,,,,22.2968,3.75665,,1.36089,5.96203,2.20347,1.81927,4.12293,1.72268,12.1218,353.0,0.036827195467422,,,,0.6288951841359773,0.1586402266288951,0.0283286118980169,0.0594900849858356,0.0878186968838526,2.4,1.0,Off Screen Shooter,Low Activity,Off Screen Shooter,Low Activity
1642883,Sion James,Hornets,Guard,6-5,220.0,5.4,3.5,2.0,0.6,0.2,0.8,22.5,0.371,0.352,0.837,,82.0,,,,,,,-1.57757,1.52507,,14.0958,5.0511,,1.46933,7.10822,1.43901,1.7725,2.83564,1.35413,8.1681,354.0,0.192090395480226,0.0282485875706214,,0.0790960451977401,0.5621468926553672,,0.0536723163841807,0.0508474576271186,0.0338983050847457,3.0,0.7,Movement Shooter,Wing Stopper,Movement Shooter,Wing Stopper
1627746,Skal Labissiere,,Forward-Center,6-10,235.0,4.3,3.0,1.0,0.7,0.3,0.3,12.7,0.6,0.2,0.0,,3.0,,,,,,,-3.17199,-1.07616,-4.2481,15.0725,3.6542,2.00034,1.07806,8.36583,4.38424,2.58007,5.19348,5.18198,2.42877,,,,,,,,,,,0.0,2.7,,Anchor Big,Roll & Cut Big,Anchor Big
1642461,Spencer Jones,Nuggets,Forward,6-7,225.0,5.5,3.3,0.8,0.8,0.5,0.5,22.1,0.504,0.396,0.608,,64.0,,,,,,,-2.44601,,-2.2423,11.1493,1.3629,1.23148,1.77863,4.79387,2.48783,1.00664,3.02811,1.24985,4.64959,216.0,,,,0.0833333333333333,0.5509259259259259,,,0.2407407407407407,0.125,0.2,2.3,Athletic Finisher,Wing Stopper,Athletic Finisher,Wing Stopper
1630649,Stanley Umude,,Guard,6-6,210.0,,,,,,,,,,,,,,,,,,,-2.75857,,-3.0517,16.5733,2.01085,1.68282,1.50716,6.49696,1.71522,1.94929,2.30416,2.89877,8.07432,,,,,,,,,,,0.5,0.5,,,Stationary Shooter,Point of Attack
201939,Stephen Curry,Warriors,Guard,6-2,185.0,26.6,3.6,4.7,1.1,0.4,2.8,30.9,0.468,0.393,0.923,,43.0,,,,,,,5.31688,,4.4839,36.558,7.16666,,1.61293,4.80032,1.0,4.09806,4.67594,5.8236,15.8195,746.0,0.2613941018766756,0.1219839142091152,,,0.1487935656836461,0.2171581769436997,0.1501340482573726,0.0871313672922252,0.0134048257372654,7.8,1.6,Primary Ball Handler,Chaser,Movement Shooter,Low Activity
1642264,Stephon Castle,Spurs,Guard,6-6,215.0,16.7,5.3,7.4,1.1,0.3,3.2,30.0,0.471,0.332,0.734,,68.0,,,,,,,1.03237,1.09431,2.1267,26.5238,10.5223,,1.67052,6.28076,2.28861,4.685,7.25321,5.95842,6.39367,816.0,0.3664215686274509,0.1090686274509804,,0.0122549019607843,0.321078431372549,0.0208333333333333,0.0453431372549019,0.0563725490196078,0.0686274509803921,12.9,2.4,Primary Ball Handler,Wing Stopper,Primary Ball Handler,Wing Stopper
203500,Steven Adams,Rockets,Center,6-11,265.0,5.8,8.6,1.5,0.7,0.6,1.1,22.8,0.504,0.0,0.58,,32.0,,,,,,,,,,12.7653,3.03966,1.51019,1.48285,9.15053,9.38087,2.49004,7.21704,1.86044,10.8188,157.0,,,,0.2038216560509554,,,,0.3121019108280254,0.4840764331210191,0.3,7.4,Roll & Cut Big,Mobile Big,Roll & Cut Big,Mobile Big
1629004,Svi Mykhailiuk,Jazz,Guard-Forward,6-7,205.0,9.4,2.5,1.9,0.5,0.1,0.8,23.1,0.478,0.408,0.893,,50.0,,,,,,,,,,20.26,3.97695,,1.34531,3.83631,1.43182,2.09216,3.29993,2.63656,11.3751,282.0,0.0957446808510638,0.0460992907801418,,,0.4964539007092198,0.1063829787234042,0.1241134751773049,0.0851063829787234,0.0460992907801418,2.7,0.8,Off Screen Shooter,Wing Stopper,Off Screen Shooter,Wing Stopper
204456,T.J. McConnell,Pacers,Guard,6-1,190.0,9.4,2.2,5.1,1.0,0.2,1.1,17.2,0.538,0.32,0.862,,56.0,,,,,,,,,,23.9829,14.2006,,2.57277,5.21646,1.20312,3.36187,4.69726,13.5995,2.44803,388.0,0.6804123711340206,0.0773195876288659,,,0.1391752577319587,,0.0335051546391752,0.0695876288659793,,10.2,0.8,Primary Ball Handler,Helper,Primary Ball Handler,Helper
1643007,Taelon Peter,Pacers,Guard,6-3,185.0,4.5,1.6,1.1,0.7,0.1,0.7,12.9,0.38,0.328,0.625,,38.0,,,,,,,-2.93347,-1.11663,-3.6235,16.2026,3.71071,,2.07794,4.57216,1.01551,2.57948,3.01597,1.92603,10.9362,129.0,0.1317829457364341,,,,0.5968992248062015,0.1782945736434108,0.0930232558139534,,,0.8,0.4,Off Screen Shooter,Low Activity,Off Screen Shooter,Low Activity
201959,Taj Gibson,Grizzlies,Forward,6-9,232.0,3.4,2.7,0.6,0.2,0.1,0.1,9.7,0.462,0.5,0.875,,10.0,,,,,,,-3.57315,,-3.9088,13.4037,2.6881,1.73651,1.39138,7.40844,4.73302,1.98392,5.99122,3.7452,1.73479,,,,,,,,,,,0.4,2.1,,Anchor Big,Athletic Finisher,Anchor Big
1631106,Tari Eason,Rockets,Forward,6-8,215.0,10.5,6.3,1.5,1.2,0.5,1.4,25.8,0.416,0.358,0.776,,60.0,,,,,,,1.90312,1.48449,1.0098,20.5142,2.56156,,2.62421,7.81599,4.01126,2.30498,6.75887,3.11188,7.72735,483.0,0.0683229813664596,0.0496894409937888,,0.0248447204968944,0.587991718426501,,0.0372670807453416,0.0890269151138716,0.1428571428571428,3.7,2.3,Movement Shooter,Wing Stopper,Movement Shooter,Wing Stopper
1627752,Taurean Prince,Bucks,Forward,6-6,218.0,9.2,3.1,1.8,0.6,0.2,1.2,23.5,0.45,0.436,1.0,,26.0,,,,,,,,-1.13587,-1.9405,17.6791,3.87269,,1.51516,5.86971,,2.10737,1.89663,2.41425,11.3791,170.0,0.1058823529411764,,,,0.6882352941176471,0.0705882352941176,0.1352941176470588,,,2.5,0.1,Off Screen Shooter,Anchor Big,Off Screen Shooter,Anchor Big
1641707,Taylor Hendricks,Grizzlies,Forward,6-9,215.0,7.4,3.7,0.9,0.8,0.5,0.8,18.9,0.459,0.342,0.681,,59.0,,,,,,,-1.57647,,-2.0773,19.7635,2.25843,1.39062,2.05478,6.79088,2.62988,1.96109,5.56334,2.13758,8.6038,105.0,,,,0.0952380952380952,0.6285714285714286,,,0.1619047619047619,0.1142857142857142,2.0,1.9,Athletic Finisher,Mobile Big,Athletic Finisher,Mobile Big
1629611,Terance Mann,Nets,Guard-Forward,6-6,215.0,7.2,3.2,3.0,0.7,0.2,1.1,24.3,0.457,0.364,0.787,,63.0,,,,,,,-1.24356,,-2.1393,14.8056,5.38648,,1.35252,4.39482,2.17282,2.21026,3.49362,3.53583,5.23173,314.0,0.2707006369426751,0.0509554140127388,,,0.4267515923566879,,0.0700636942675159,0.0859872611464968,0.0955414012738853,5.1,1.4,Primary Ball Handler,Wing Stopper,Primary Ball Handler,Wing Stopper
1630545,Terrence Shannon Jr.,Timberwolves,Guard-Forward,6-6,215.0,5.6,1.1,0.9,0.3,0.0,0.6,12.5,0.45,0.408,0.8,,43.0,,,,,,,-1.76194,-1.11948,-1.8508,22.7386,3.2457,,1.23811,4.13382,1.05629,1.94406,6.95249,3.39716,7.12671,148.0,0.277027027027027,0.1891891891891892,,,0.4256756756756756,,0.1081081081081081,,,3.0,0.2,,Low Activity,Stationary Shooter,Low Activity
203648,Thanasis Antetokounmpo,,,,,,,,,,,,,,,,,,,,,,,-4.38657,-1.15672,-4.723,13.273,3.60719,1.1294,2.07184,5.50594,3.62217,3.07425,7.57602,1.46329,1.57798,,,,,,,,,,,1.1,0.7,,,Athletic Finisher,Chaser
1628418,Thomas Bryant,Cavaliers,Center-Forward,6-9,248.0,6.2,3.4,0.6,0.3,0.4,0.5,12.2,0.506,0.359,0.803,,60.0,,,,,,,-1.05063,-1.02344,-1.3503,22.7102,1.80425,1.63692,1.1544,8.97258,3.81395,1.69656,6.21056,2.67076,8.27997,263.0,,,0.0646387832699619,0.3460076045627376,0.2699619771863117,,,0.1901140684410646,0.1292775665399239,0.2,2.5,Stretch Big,Mobile Big,Stretch Big,Mobile Big
1642275,Tidjane Salaün,Hornets,Forward,6-10,207.0,6.0,4.0,0.7,0.4,0.2,0.7,15.5,0.503,0.434,0.65,,37.0,,,,,,,,,,,,,,,,,,,,132.0,,,,0.1893939393939394,0.6893939393939394,,,0.1212121212121212,,1.8,1.3,,Low Activity,Athletic Finisher,Low Activity
203501,Tim Hardaway Jr.,Nuggets,Guard-Forward,6-5,205.0,13.5,2.6,1.4,0.5,0.1,0.5,26.6,0.447,0.407,0.811,,80.0,,,,,,,,-1.13084,-1.3438,21.4301,2.18605,,1.00112,4.32834,,1.08028,2.51758,2.55483,11.3102,655.0,0.0916030534351145,0.0274809160305343,,0.0396946564885496,0.416793893129771,0.2106870229007633,0.1526717557251908,0.0458015267175572,0.015267175572519,1.6,0.5,Off Screen Shooter,Low Activity,Off Screen Shooter,Low Activity
202699,Tobias Harris,Pistons,Forward,6-8,226.0,13.3,5.1,2.5,0.9,0.4,1.0,27.7,0.469,0.368,0.866,,63.0,,,,,,,1.17546,,1.9165,26.4967,3.22824,,1.63545,7.98487,1.56059,1.64956,5.43541,9.16974,6.45619,598.0,0.0936454849498327,0.0785953177257525,0.2274247491638795,0.0267558528428093,0.3678929765886287,0.040133779264214,0.0284280936454849,0.0735785953177257,0.0635451505016722,3.8,1.8,,Wing Stopper,Stationary Shooter,Wing Stopper
1643253,Toby Okani,,Forward,6-8,210.0,10.0,3.5,1.0,0.7,0.5,0.5,36.2,0.357,0.29,0.125,,6.0,,,,,,,-2.38392,-1.43867,-3.8226,16.7736,1.64349,,1.13778,3.82476,2.42279,1.55624,4.62301,4.05489,7.11073,,,,,,,,,,,4.3,1.8,,Mobile Big,Athletic Finisher,Mobile Big
1642449,Tolu Smith,Pistons,Forward,6-11,,3.7,3.3,0.9,0.1,0.4,0.5,9.1,0.5,0.0,0.667,,15.0,,,,,,,,-1.54082,-1.524,19.4821,3.09333,1.78952,,8.64212,6.60493,2.27533,11.1096,3.0543,14.3845,,,,,,,,,,,0.7,3.5,,Mobile Big,Athletic Finisher,Mobile Big
1628396,Tony Bradley,Hawks,Center-Forward,6-10,248.0,4.0,2.8,0.5,0.1,0.2,0.4,11.0,0.547,0.5,0.744,,41.0,,,,,,,-2.66652,-1.80396,-3.1084,15.7445,2.20588,1.75336,1.01756,8.4248,6.08975,2.15177,8.01087,3.03632,4.76755,106.0,,,0.1320754716981132,0.0943396226415094,0.0943396226415094,,,0.320754716981132,0.3584905660377358,0.3,2.9,Roll & Cut Big,Anchor Big,Roll & Cut Big,Anchor Big
1641787,Tosan Evbuomwan,Hornets,Forward,6-8,217.0,,,,,,,,,,,,,,,,,,,-2.02869,-1.11326,-2.3917,19.0061,3.6762,,1.53925,6.53661,2.6049,2.23975,5.44018,4.00786,5.67091,,,,,,,,,,,0.2,0.0,,,Stationary Shooter,Low Activity
1641739,Toumani Camara,Trail Blazers,Forward,6-7,230.0,13.4,5.1,2.5,1.1,0.4,1.8,33.3,0.44,0.37,0.708,,82.0,,,,,,,,1.12068,,17.6373,2.65041,,1.88856,4.96848,2.07818,2.31788,3.90327,1.23275,9.8788,746.0,0.0536193029490616,0.0750670241286863,,0.0938337801608579,0.5750670241286864,,0.0335120643431635,0.1085790884718498,0.0603217158176943,4.3,2.7,Movement Shooter,Wing Stopper,Movement Shooter,Wing Stopper
1629027,Trae Young,Wizards,Guard,6-2,164.0,17.9,2.0,8.0,0.9,0.1,2.6,25.6,0.458,0.338,0.825,,15.0,,,,,,,3.48446,-1.75587,1.7286,29.5003,13.7717,,1.5803,3.34528,1.0,5.04987,4.19838,7.00681,9.49186,87.0,0.3218390804597701,0.264367816091954,,,0.1839080459770115,,0.2298850574712643,,,9.1,0.1,,Low Activity,Primary Ball Handler,Low Activity
1631218,Trayce Jackson-Davis,Raptors,Forward,6-9,245.0,3.4,2.7,0.7,0.3,0.5,0.4,9.4,0.573,1.0,0.514,,53.0,,,,,,,-1.73938,-1.61499,-1.7294,17.8231,3.59109,2.13959,1.44144,8.14061,6.19272,2.02038,10.6596,2.02969,12.574,92.0,,,,0.1847826086956521,,,,0.4891304347826087,0.3260869565217391,0.2,3.0,,Mobile Big,Athletic Finisher,Mobile Big
1642848,Tre Johnson,Wizards,Guard,6-5,190.0,12.2,2.8,2.0,0.6,0.3,1.6,24.1,0.419,0.358,0.874,,60.0,,,,,,,-2.46714,-1.39106,-2.1016,25.5697,4.28122,,1.17722,4.74443,,3.1082,3.05387,9.18857,10.6264,561.0,0.2959001782531194,0.1087344028520499,,0.0249554367201426,0.2638146167557932,0.1693404634581105,0.1176470588235294,,0.0196078431372549,6.1,0.4,Secondary Ball Handler,Low Activity,Secondary Ball Handler,Low Activity
1630200,Tre Jones,Bulls,Guard,6-1,190.0,14.1,3.1,5.4,1.2,0.2,1.4,27.0,0.553,0.315,0.841,,65.0,,,,,,,1.35605,,,27.4145,8.77877,,1.90502,4.70365,1.04779,2.42528,10.5348,3.71322,4.10875,553.0,0.4556962025316455,0.0741410488245931,,,0.3146473779385171,0.0325497287522604,0.0542495479204339,0.0397830018083182,0.0289330922242314,12.9,1.1,Primary Ball Handler,Low Activity,Primary Ball Handler,Point of Attack
1630544,Tre Mann,Hornets,Guard,6-4,178.0,5.5,1.7,1.6,0.5,0.1,1.0,12.6,0.36,0.323,0.852,,53.0,,,,,,,-2.23274,-1.06922,-3.302,23.8146,6.36924,,1.907,5.39786,1.38616,3.43029,4.58099,7.16578,10.8167,274.0,0.4598540145985401,0.1021897810218978,,,0.2846715328467153,0.0364963503649635,0.1167883211678832,,,4.6,0.2,Primary Ball Handler,Low Activity,Primary Ball Handler,Low Activity
1630570,Trendon Watford,76ers,Guard-Forward,6-8,245.0,6.5,3.3,2.5,0.3,0.4,1.2,16.3,0.515,0.2,0.779,,53.0,,,,,,,-2.28527,-1.27457,-3.5598,21.0668,6.45059,,1.25083,7.18951,2.05426,3.59256,7.66175,4.44809,3.04387,254.0,0.1377952755905512,0.1062992125984252,0.1496062992125984,0.0472440944881889,0.2913385826771653,,0.0708661417322834,0.1141732283464567,0.0826771653543307,4.0,1.3,,Low Activity,Secondary Ball Handler,Low Activity
1642280,Trentyn Flowers,,,,,,,,,,,,,,,,,,,,,,,-2.23649,-1.18246,-3.4189,20.3977,2.65506,1.33786,1.22405,6.91584,3.42929,2.48621,7.91958,3.76837,4.93822,,,,,,,,,,,0.0,1.0,,,Athletic Finisher,Low Activity
1630286,Trevon Scott,,Forward,6-8,225.0,8.0,5.2,1.7,1.3,0.8,0.7,30.3,0.38,0.316,0.667,,6.0,,,,,,,-2.29202,,-2.7798,15.4218,2.72689,1.52303,1.57548,6.20552,2.9881,1.6782,5.67384,3.78909,4.55454,,,,,,,,,,,1.3,3.5,,Mobile Big,Stationary Shooter,Mobile Big
1631211,Trevor Keels,,,,,,,,,,,,,,,,,,,,,,,-1.22954,,-1.7132,21.172,3.91371,,1.54213,4.8837,1.55825,2.33905,4.32529,2.82225,11.9454,,,,,,,,,,,0.1,0.0,,,Stationary Shooter,Chaser
1641725,Trey Alexander,Pelicans,Guard,6-5,185.0,5.2,1.2,1.0,0.7,0.2,0.3,12.3,0.514,0.5,0.6,,9.0,,,,,,,-2.87006,-1.11027,-3.9803,17.8119,4.40288,,1.41472,5.3424,,2.0153,3.29232,6.80385,5.84781,15.0,,,,,1.0,,,,,3.4,0.0,,,Stationary Shooter,Low Activity
1641998,Trey Jemison III,Knicks,Center,6-10,270.0,1.0,1.4,0.4,0.1,0.2,0.8,6.3,0.6,0.0,1.0,,13.0,,,,,,,,,,,,,,,,,,,,,,,,,,,,,,0.2,1.1,,Anchor Big,Roll & Cut Big,Anchor Big
1630530,Trey Murphy III,Pelicans,Forward,6-8,206.0,21.5,5.7,3.8,1.5,0.4,1.8,35.5,0.47,0.379,0.886,,66.0,,,,,,,1.87395,1.32988,1.3675,27.9544,5.22077,,1.79963,6.46116,1.06762,2.50697,5.27904,3.73649,12.032,925.0,0.2151351351351351,0.0886486486486486,,0.0281081081081081,0.3091891891891892,0.0918918918918919,0.1318918918918919,0.0994594594594594,0.0356756756756756,6.9,2.5,Primary Ball Handler,Low Activity,Shot Creator,Low Activity
1642400,Tristan Enaruna,,,,,,,,,,,,,,,,,,,,,,,-1.83666,-1.44716,-3.2838,18.0713,3.15453,,1.46565,5.44566,3.51218,2.00334,7.33018,1.39149,5.7313,,,,,,,,,,,1.1,1.6,,,Athletic Finisher,Low Activity
1641774,Tristan Vukcevic,Wizards,Forward,7-0,220.0,9.0,3.0,1.1,0.5,0.7,1.3,13.7,0.479,0.347,0.784,,49.0,,,,,,,-1.06028,-1.22202,-1.5841,30.0458,3.77948,2.05309,1.44408,8.40856,2.1839,3.9515,5.2108,6.95179,10.7067,300.0,0.04,0.0566666666666666,0.0366666666666666,0.39,0.3166666666666666,,,0.1033333333333333,0.0566666666666666,1.5,2.0,Athletic Finisher,Mobile Big,Athletic Finisher,Mobile Big
1641783,Tristan da Silva,Magic,Forward,6-8,217.0,9.9,3.7,1.6,0.9,0.3,0.9,24.7,0.45,0.374,0.884,,77.0,,,,,,,-1.33747,,-1.5112,17.9202,3.01109,,1.4809,5.68074,1.69971,1.84832,3.64819,4.06368,7.01915,506.0,0.1462450592885375,0.0197628458498023,,0.0573122529644268,0.4743083003952569,0.0592885375494071,0.0711462450592885,0.1225296442687747,0.0494071146245059,3.0,1.5,Athletic Finisher,Low Activity,Athletic Finisher,Low Activity
1641803,Tristen Newton,,,,,,,,,,,,,,,,,,,,,,,-1.82255,,-2.1144,19.1375,4.0717,,1.43502,5.498,2.84962,2.5678,4.52201,4.9749,7.16583,,,,,,,,,,,0.0,3.0,,,Stationary Shooter,Chaser
1629660,Ty Jerome,Grizzlies,Guard-Forward,6-5,195.0,19.7,2.8,5.7,1.1,0.3,1.8,22.6,0.474,0.42,0.875,,15.0,,,,,,,5.1724,2.75228,5.045,36.338,10.0575,,2.0779,4.36427,1.50339,3.04902,4.27795,11.3919,12.7397,203.0,0.5615763546798029,0.2266009852216748,,,0.1625615763546798,,0.0492610837438423,,,10.5,0.3,Shot Creator,Low Activity,Shot Creator,Low Activity
1631102,TyTy Washington Jr.,Clippers,Guard,6-3,195.0,,,,,,,,,,,,,,,,,,,-2.38419,,-3.2134,16.291,6.04401,,1.851,4.24457,,1.51925,1.82847,6.65486,7.17312,,,,,,,,,,,1.3,0.1,,,Secondary Ball Handler,Point of Attack
1631174,Tyler Burton,,Forward,6-7,215.0,10.8,4.2,1.0,0.9,0.3,0.9,25.6,0.375,0.333,0.852,,12.0,,,,,,,-1.76194,,-1.8612,20.0961,2.1284,,1.50177,6.26815,1.55714,1.92373,5.09951,2.09315,9.99267,81.0,0.1481481481481481,,,,0.8518518518518519,,,,,3.8,0.9,,Wing Stopper,Movement Shooter,Wing Stopper
1629639,Tyler Herro,Heat,Guard,6-5,195.0,20.5,4.8,4.1,0.7,0.4,1.9,31.3,0.48,0.378,0.917,,33.0,,,,,,,1.80422,1.47405,1.1179,28.7195,6.64832,,1.17197,6.47296,,3.0769,3.31372,8.25835,10.4237,396.0,0.2348484848484848,0.1515151515151515,,,0.4722222222222222,0.0984848484848484,0.0429292929292929,,,10.3,0.6,Primary Ball Handler,Chaser,Shot Creator,Low Activity
1642278,Tyler Kolek,Knicks,Guard,6-2,195.0,4.4,1.6,2.7,0.4,0.1,0.9,11.7,0.435,0.386,0.7,,62.0,,,,,,,,-1.0114,-1.491,18.1024,11.4356,,1.47298,5.20005,1.07647,3.24513,3.95624,4.95322,7.64252,220.0,0.5181818181818182,0.05,,,0.3818181818181818,,0.05,,,4.1,0.3,Primary Ball Handler,Low Activity,Primary Ball Handler,Low Activity
1641890,Tyler Smith,Mavericks,Forward,6-9,224.0,4.7,2.8,0.4,0.5,0.0,0.5,13.8,0.42,0.286,0.667,,12.0,,,,,,,-1.84396,-1.44872,-2.2167,17.5708,1.85264,,1.32592,6.58352,3.26361,2.12874,4.3723,1.61156,9.64465,,,,,,,,,,,0.1,1.3,,Anchor Big,Stationary Shooter,Anchor Big
1631213,Tyrese Martin,76ers,Forward,6-6,215.0,6.3,2.5,1.7,0.5,0.1,0.9,16.9,0.394,0.321,0.679,,46.0,,,,,,,-2.02355,,-2.8257,18.1263,4.5494,,1.4989,5.56804,2.21035,2.54458,4.16832,2.45981,10.0981,194.0,0.2886597938144329,,,,0.5154639175257731,,0.1443298969072164,0.0515463917525773,,3.7,0.8,Secondary Ball Handler,Chaser,Secondary Ball Handler,Chaser
1630178,Tyrese Maxey,76ers,Guard,6-2,200.0,28.3,4.1,6.6,1.9,0.8,2.4,38.0,0.462,0.367,0.892,,70.0,,,,,,,2.32624,1.57184,2.0519,31.1346,7.15769,,1.97215,4.61188,,3.10602,7.34264,8.14926,8.07052,1319.0,0.3821076573161486,0.2100075815011372,0.0197119029567854,0.0128885519332827,0.1675511751326762,0.0629264594389689,0.092494313874147,0.0416982562547384,0.0106141015921152,13.4,0.4,Shot Creator,Low Activity,Primary Ball Handler,Low Activity
1642878,Tyrese Proctor,Cavaliers,Guard,6-4,185.0,5.4,1.3,1.5,0.5,0.0,0.8,10.9,0.413,0.351,0.889,,50.0,,,,,,,-1.5687,,-1.1051,23.5423,6.44735,,1.93877,4.74519,1.09203,3.43513,4.8827,3.58446,10.6403,185.0,0.4324324324324324,0.1297297297297297,,,0.3675675675675676,,0.0702702702702702,,,2.6,0.4,Primary Ball Handler,Low Activity,Primary Ball Handler,Low Activity
1630623,Tyson Etienne,Nets,Guard,6-0,200.0,7.9,1.1,1.7,0.5,0.0,0.7,15.8,0.4,0.398,0.833,,24.0,,,,,,,-1.03697,-2.32539,-3.3624,20.0917,4.73618,,1.41671,2.86528,,2.28177,1.61958,2.95891,12.6574,124.0,0.1612903225806451,,,,0.5967741935483871,0.0806451612903225,0.1612903225806451,,,3.2,0.0,Off Screen Shooter,Chaser,Off Screen Shooter,Chaser
1626145,Tyus Jones,Nuggets,Guard,6-0,196.0,3.0,1.1,2.4,0.6,0.0,0.4,14.6,0.349,0.292,0.778,,67.0,,,,,,,-1.4964,-1.67406,-3.1705,12.9362,7.71125,,1.77341,3.58166,,1.36461,1.31483,3.48862,7.10566,81.0,0.1851851851851851,,,,0.8148148148148148,,,,,1.3,0.1,,Low Activity,Movement Shooter,Low Activity
1642845,VJ Edgecombe,76ers,Guard,6-4,190.0,16.0,5.6,4.2,1.4,0.5,1.8,35.0,0.438,0.354,0.818,,75.0,,,,,,,1.06662,,1.2166,21.171,4.97404,,1.87049,5.95113,2.31416,2.72387,5.02034,4.59801,8.16119,907.0,0.3076074972436604,0.1300992282249173,0.0165380374862183,0.0308710033076074,0.3186328555678059,0.0308710033076074,0.073869900771775,0.0341786108048511,0.0573318632855567,7.1,1.9,Primary Ball Handler,Wing Stopper,Primary Ball Handler,Wing Stopper
1641705,Victor Wembanyama,Spurs,Forward-Center,7-4,235.0,25.0,11.5,3.1,1.0,3.1,2.4,29.2,0.512,0.349,0.827,,64.0,,,,,,,3.77201,3.81468,7.5867,36.4163,4.71218,5.3451,1.66663,15.4591,3.08408,3.95942,10.5989,6.03047,7.90729,1078.0,0.0649350649350649,0.1512059369202226,0.1261595547309833,0.1168831168831168,0.1957328385899814,0.1048237476808905,0.0343228200371057,0.1224489795918367,0.0834879406307977,5.9,6.2,Versatile Big,Mobile Big,Versatile Big,Anchor Big
1631246,Vince Williams Jr.,,Guard,6-4,205.0,7.5,3.9,4.2,0.7,0.4,1.8,20.5,0.353,0.311,0.78,,40.0,,,,,,,,,,19.059,8.33026,,1.61236,6.91998,2.22819,3.58831,2.6188,3.92247,10.4467,209.0,0.3971291866028708,,,,0.4880382775119617,,0.0478468899521531,,0.0669856459330143,4.8,1.1,Primary Ball Handler,Wing Stopper,Primary Ball Handler,Wing Stopper
1642884,Vladislav Goldin,,,,,,,,,,,,,,,,,,,,,,,-3.12112,-1.06119,-4.1823,13.9155,1.76261,2.49619,1.00476,8.52551,4.713,2.30308,6.65729,1.59297,2.2578,,,,,,,,,,,0.0,0.9,,,Athletic Finisher,Helper
1630249,Vít Krejčí,Trail Blazers,Guard,6-8,195.0,8.5,2.3,1.5,0.7,0.3,0.6,21.4,0.448,0.39,0.745,,65.0,,,,,,,,,,,,,,,,,,,,215.0,0.1255813953488372,,,0.0883720930232558,0.5255813953488372,0.0697674418604651,0.1906976744186046,,,2.6,0.6,,Low Activity,Secondary Ball Handler,Low Activity
1631117,Walker Kessler,Jazz,Center,7-2,245.0,14.4,10.8,3.0,1.4,1.8,3.2,30.8,0.703,0.75,0.7,,5.0,,,,,,,,,,18.3569,3.5172,3.5211,1.18811,11.754,7.07701,2.67806,8.80408,1.53907,2.93177,32.0,,,,,,,,0.5625,0.4375,0.8,9.2,,Mobile Big,Roll & Cut Big,Anchor Big
1642383,Walter Clayton Jr.,Grizzlies,Guard,6-4,195.0,7.8,2.0,4.0,0.6,0.3,1.7,20.4,0.384,0.307,0.901,,69.0,,,,,,,-1.12557,-2.1484,-3.274,19.7574,9.78757,,1.52602,3.5273,,3.93058,3.47597,4.62819,8.20563,245.0,0.4489795918367347,0.0448979591836734,,,0.2857142857142857,0.0612244897959183,0.1020408163265306,0.0571428571428571,,6.8,0.4,Primary Ball Handler,Low Activity,Primary Ball Handler,Low Activity
1628976,Wendell Carter Jr.,Magic,Center-Forward,6-10,270.0,11.8,7.4,2.0,0.8,0.6,1.3,29.3,0.512,0.319,0.792,,78.0,,,,,,,1.58912,1.47405,1.1078,17.5049,3.17652,1.307,1.27377,8.07063,3.58919,2.22349,6.21025,1.56029,3.68902,640.0,,0.01875,0.0578125,0.228125,0.2890625,,,0.246875,0.159375,1.2,5.5,Stretch Big,Anchor Big,Stretch Big,Anchor Big
1631111,Wendell Moore Jr.,Pistons,Guard,6-5,215.0,,,,,,,,,,,,,,,,,,,-3.57586,-1.46835,-3.9205,13.163,3.60459,,1.95649,5.78264,2.28155,2.27429,5.13754,2.01162,3.96265,,,,,,,,,,,1.2,0.2,,,Athletic Finisher,Point of Attack
1642954,Will Richard,Warriors,Guard,6-3,206.0,6.4,2.5,1.3,1.2,0.1,0.8,20.0,0.468,0.335,0.852,,69.0,,,,,,,-2.3278,-1.76014,-2.1873,13.2102,3.0884,,2.619,3.61848,2.23113,1.79226,3.33635,1.73567,6.55117,274.0,0.0693430656934306,,,,0.5583941605839416,0.0401459854014598,0.0364963503649635,0.1897810218978102,0.1058394160583941,0.7,2.2,Athletic Finisher,Point of Attack,Athletic Finisher,Point of Attack
1642860,Will Riley,Wizards,Forward,6-9,180.0,10.3,2.9,2.0,0.7,0.1,1.3,22.1,0.439,0.316,0.8,,74.0,,,,,,,-1.68658,-2.38649,-3.1741,25.3968,4.51209,,1.63575,4.6989,1.37872,2.81165,5.93975,5.90511,8.13433,608.0,0.3125,0.0904605263157894,,0.0246710526315789,0.3141447368421052,0.0575657894736842,0.0838815789473684,0.0641447368421052,0.0526315789473684,5.8,1.2,Secondary Ball Handler,Low Activity,Secondary Ball Handler,Low Activity
1630214,Xavier Tillman,Hornets,Forward,6-8,245.0,1.5,1.4,0.4,0.3,0.2,0.3,6.1,0.435,0.167,0.25,,30.0,,,,,,,-3.69711,,-3.0169,12.5367,2.90326,1.59057,2.40303,7.08493,3.79329,1.8675,4.69559,2.49525,5.25864,,,,,,,,,,,0.1,1.0,,Mobile Big,Stationary Shooter,Mobile Big
1642905,Yang Hansen,Trail Blazers,Center,7-1,270.0,2.2,1.5,0.5,0.1,0.2,0.7,7.0,0.31,0.119,0.824,,43.0,,,,,,,-3.27727,-1.58243,-4.8597,18.7703,3.03521,1.52708,,7.61153,3.31983,3.94501,5.88617,3.16518,6.368,,,,,,,,,,,0.2,1.3,,Anchor Big,Roll & Cut Big,Anchor Big
1642949,Yanic Konan Niederhäuser,Clippers,Center,6-11,242.0,4.3,2.9,0.3,0.1,0.7,0.6,10.3,0.64,0.2,0.758,,41.0,,,,,,,,,,,,,,,,,,,,98.0,,,,0.4693877551020408,,,,0.2959183673469387,0.2346938775510204,0.5,2.8,,Mobile Big,Roll & Cut Big,Mobile Big
1642530,Yuki Kawamura,Bulls,Guard,5-7,159.0,3.4,1.8,2.6,0.5,0.0,0.8,11.6,0.327,0.297,0.895,,18.0,,,,,,,-1.08677,-1.44146,-2.5282,14.0034,9.95381,,1.90272,4.43009,1.05545,3.01286,1.26627,1.87716,7.57351,46.0,0.4130434782608695,,,,0.5869565217391305,,,,,3.6,0.2,,Low Activity,Secondary Ball Handler,Low Activity
1642274,Yves Missi,Pelicans,Center,6-11,235.0,5.7,5.8,1.3,0.3,1.5,0.8,19.7,0.544,0.0,0.559,,66.0,,,,,,,-1.81822,-1.47273,-3.2909,14.6901,3.2354,3.3191,,8.05263,6.35329,2.00482,8.83312,2.11426,10.8167,301.0,,,,0.2192691029900332,0.1594684385382059,,,0.2691029900332226,0.3521594684385382,2.1,4.4,Stretch Big,Mobile Big,Stretch Big,Mobile Big
1642258,Zaccharie Risacher,Hawks,Forward,6-8,200.0,9.6,3.8,1.1,0.9,0.5,0.9,22.4,0.455,0.368,0.644,,67.0,,,,,,,-1.63853,-1.1084,-2.7469,18.8887,2.01859,1.04317,1.65984,6.37236,2.4372,1.90644,5.74337,2.62997,7.69217,386.0,0.0725388601036269,,,0.044041450777202,0.4715025906735751,0.0932642487046632,0.0906735751295336,0.116580310880829,0.1113989637305699,2.1,2.0,Athletic Finisher,Low Activity,Athletic Finisher,Low Activity
1628380,Zach Collins,Bulls,Forward-Center,6-9,240.0,9.7,5.6,1.5,0.2,0.4,1.0,18.4,0.578,0.429,0.7,,10.0,,,,,,,-1.06028,-1.25779,-1.5918,20.2499,4.79838,1.32523,1.23158,9.49072,4.49012,3.1168,6.97273,3.3283,5.16947,57.0,,,,0.3508771929824561,0.3684210526315789,,,0.2807017543859649,,0.4,4.9,,Mobile Big,Stretch Big,Mobile Big
1641744,Zach Edey,Grizzlies,Center,7-3,305.0,13.6,11.1,1.1,0.6,1.9,2.4,25.8,0.633,0.2,0.781,,11.0,,,,,,,,1.11968,1.5002,21.6456,2.36854,3.00536,1.17293,11.8724,7.29459,3.16808,8.91532,5.2327,1.12854,92.0,,,0.4130434782608695,0.1847826086956521,,,,0.2065217391304347,0.1956521739130435,0.1,13.1,,Mobile Big,Post Scorer,Mobile Big
203897,Zach LaVine,Kings,Guard,6-5,200.0,19.2,2.8,2.3,0.7,0.3,1.9,31.4,0.479,0.39,0.88,,39.0,,,,,,,,-1.38014,,28.8607,4.03588,,1.11689,4.01351,,3.09353,5.21085,6.83218,9.83717,449.0,0.2761692650334075,0.1224944320712694,,0.0489977728285077,0.3162583518930957,0.1135857461024498,0.0801781737193764,0.042316258351893,,6.4,0.8,Secondary Ball Handler,Low Activity,Secondary Ball Handler,Low Activity
1630192,Zeke Nnaji,Nuggets,Forward-Center,6-10,240.0,3.7,2.6,0.6,0.3,0.5,0.5,12.0,0.47,0.259,0.773,,52.0,,,,,,,-2.82251,,-3.0222,15.7419,2.18084,2.15192,1.48471,6.74946,3.17136,1.6831,6.07005,1.58401,4.33696,138.0,,,,0.2101449275362318,0.3623188405797101,,,0.2753623188405797,0.1521739130434782,0.4,1.8,Stretch Big,Anchor Big,Stretch Big,Anchor Big
1630533,Ziaire Williams,Nets,Forward,6-9,185.0,10.2,2.4,1.1,1.4,0.4,1.1,22.9,0.425,0.343,0.85,,56.0,,,,,,,-2.13885,,-1.1754,22.9095,2.83245,,2.26519,4.49008,1.24604,2.32821,5.69738,4.19851,7.44348,354.0,0.0649717514124293,,,,0.6045197740112994,0.0310734463276836,0.1694915254237288,0.096045197740113,0.0338983050847457,2.7,0.9,,Wing Stopper,Stationary Shooter,Wing Stopper
1629627,Zion Williamson,Pelicans,Forward,6-6,284.0,21.0,5.7,3.2,1.0,0.5,2.0,29.7,0.6,0.25,0.716,,62.0,,,,,,,,,,29.1083,4.74125,,1.63378,5.99253,2.94803,3.33836,13.6371,4.48904,9.30149,898.0,0.1726057906458797,0.2694877505567928,0.1146993318485523,0.0657015590200445,0.0979955456570155,0.0133630289532293,0.0378619153674833,0.131403118040089,0.0968819599109131,13.7,3.6,Shot Creator,Mobile Big,Slasher,Wing Stopper
1642389,Zyon Pullin,Timberwolves,Guard,6-4,206.0,4.6,0.6,1.8,0.2,0.0,0.6,8.6,0.692,0.333,1.0,,5.0,,,,,,,-2.6706,-1.48869,-4.1593,16.3198,5.81339,,1.40704,4.41051,1.88958,2.59651,4.77976,4.57996,4.19987,,,,,,,,,,,2.6,0.2,,Wing Stopper,Stationary Shooter,Wing Stopper
